,Product_code,Product_name,Rating,number of reveiws,Price,Images,Link,Reveiw Link
0,B08CKY5XX3,"ASUS VivoBook 15 (2020), 39.6 cm HD, Dual Core Intel Celeron N4020, Thin and Light Laptop (4GB RAM/256GB SSD/Integrated Graphics/Windows 10 Home/Transparent Silver/1.8 Kg), X515MA-BR002T  ",4.1 out of 5 stars,659,"₹27,639",https://m.media-amazon.com/images/I/71S8U9VzLTL._AC_UY218_.jpg,"price,battery,quality,office,weight","37,28,25,16,15"
1,B095YC11CF,"HP 15 10th Gen Intel Core i3 Thin and Light 15.6 inches FHD Laptop (8GB/1TB HDD/M.2 Slot/Windows 10/MS Office/Jet Black, 1.74 kg) 15s-du1066TU  ",3.8 out of 5 stars,1511,"₹40,990",https://m.media-amazon.com/images/I/81Ne5qKmE8L._AC_UY218_.jpg,"time,battery,performance,quality,money","54,50,39,38,36"
2,B08X4N3DW2,"Dell Inspiron 3502 15.6"" (39.62 cms) HD Display Laptop (Pentium Silver N5030 / 4GB / 256GB SSD / Integrated Graphics / Win 10 + MSO / Accent Black) D560427WIN9BE  ",4.2 out of 5 stars,276,"₹44,125",https://m.media-amazon.com/images/I/51jPUwqQTFL._AC_UY218_.jpg,"quality,battery,processor,money,screen","14,12,11,10,9"
3,B09G9ZPV38,"Lenovo IdeaPad Slim 1 Intel Celeron N4020 11.6"" (29.46cm) HD Thin & Light Laptop (4GB/256 GB SSD/Windows 10/MS Office/Platinum Grey/1.2Kg), 81VT0071IN  ",3.8 out of 5 stars,92,"₹25,990",https://m.media-amazon.com/images/I/61km1VkaCsL._AC_UY218_.jpg,"work,classes,money,screen,weight","4,4,4,4,3"
4,B0928NL6F3,"HP 14 11th Gen Intel Core i5 Processor 14 inches HD Laptop, 8GB/512GB SSD/Windows 10/MS Office (Natural Silver/1.46Kg), 14s-dq2535TU  ",4.1 out of 5 stars,417,"₹57,990",https://m.media-amazon.com/images/I/71bJqS8ZLTL._AC_UY218_.jpg,"quality,battery,weight,time,screen","17,11,10,8,8"
5,B08C5W6PL2,"HP Chromebook 14-inch (35.56 cms) Thin & Light Touchscreen Laptop (Celeron N4020/4GB/64GB eMMC + 256GB Expandable Storage/Chrome OS/1.46 kgs Light/ Mineral Silver), 14a-na0003TU  ",3.8 out of 5 stars,862,"₹26,750",https://m.media-amazon.com/images/I/613WULNEr1L._AC_UY218_.jpg,"screen,apps,quality,battery,windows","72,42,40,40,38"
6,B095BYNN8Z,"Acer Extensa 15 Thin & Light Intel Processor Pentium Silver N5030 15.6 inches Business Laptop (4GB RAM/1TB HDD/Windows 10 Home/Integrated Graphic Card/Black/1.9 Kg, EX215-31)  ",3.6 out of 5 stars,295,"₹29,800",https://m.media-amazon.com/images/I/816U-xDHnKS._AC_UY218_.jpg,"money,quality,price,battery,display","12,11,10,10,7"
7,B08S3MGDS3,"HP 15 11th Gen Intel Core i3 Processor 15.6"" (39.62cms) FHD Laptop with Alexa Built-in(i3-1115G4/8GB/1TB HDD/M.2 Slot/Win 10/MS Office/Natural Silver/1.76 Kg), 15s-du3038TU  ",3.5 out of 5 stars,445,"₹42,990",https://m.media-amazon.com/images/I/81pG0gZywML._AC_UY218_.jpg,"time,performance,money,quality,battery","24,15,14,11,10"
8,B083RD58F6,"HP 15 db1069AU 15.6"" (39.62cms) ) Laptop (3rd Gen Ryzen 3 3200U/4GB/1TB HDD/Windows 10/MS Office/Radeon Vega 3 Graphics), Jet Black  ",3.7 out of 5 stars,1255,"₹31,999",https://m.media-amazon.com/images/I/71JZWpHPV+L._AC_UY218_.jpg,"battery,time,money,ram,office","43,41,39,29,28"
9,B09G9YCHZ8,"Lenovo IdeaPad Slim 3 10th Gen Intel Core i3 15.6"" (39.62cm) HD Thin & Light Laptop (8GB/256GB SSD/Windows 10/MS Office/2 Year Warranty/Platinum Grey/1.85Kg), 81WE01P5IN  ",4.0 out of 5 stars,466,"₹40,500",https://m.media-amazon.com/images/I/61Dw5Z8LzJL._AC_UY218_.jpg,"battery,quality,camera,weight,service","33,32,27,19,16"
10,B09CCR7JVV,"ASUS VivoBook 14 (2021) 14.0-inch (35.56 cms) FHD, Intel Pentium Silver N5030, Thin and Light Laptop (4GB/256GB SSD/Office 2019/Windows 10/Integrated Graphics/Silver/1.6 Kg), X415MA-EK111TS  ",3.9 out of 5 stars,17,"₹29,990",https://m.media-amazon.com/images/I/71WuDXpTAlL._AC_UY218_.jpg,https://www.amazon.in/ASUS-14-0-inch-Pentium-Silver-N5030-Integrated-X415MA-EK111TS/dp/B09CCR7JVV/ref=sr_1_15?keywords=laptop&qid=1636205406&sr=8-15,https://www.amazon.in/ASUS-14-0-inch-Pentium-Silver-N5030-Integrated-X415MA-EK111TS/product-reviews/B09CCR7JVV/ref=cm_cr_dp_d_show_all_btm?ie=UTF8&reviewerType=all_reviews
11,B09F3QP9JS,"Dell 15 (2021) Laptop i3-1115G4, 8GB, 256GB SSD, Win 10 + MS Office, Integrated Graphics, 15.6"" (39.61 cms) FHD Display, Carbon Color (Inspiron 3511, D560581WIN9BE)  ",3.7 out of 5 stars,128,"₹43,090",https://m.media-amazon.com/images/I/61XR0oGhF6L._AC_UY218_.jpg,"quality,battery,keyboard,screen,performance","27,15,15,14,11"
12,B08XNZD56X,"HP 15 11th Gen Intel Core i5 Processor 39.62 cm (15.6-inch) FHD Laptop (8GB/512GB SSD +32GB Intel Optane/Win 10/MS Office/Jet Black/1.69 Kg), 15s-fq2071TU  ",3.9 out of 5 stars,146,"₹55,990",https://m.media-amazon.com/images/I/71fvR6NCIFL._AC_UY218_.jpg,"quality,performance,keyboard,screen,time","22,10,10,9,9"
13,B095YC5VH4,"HP 15 (2021) Thin & Light 10th Gen Intel Core i3 Laptop, 8GB RAM, 512GB SSD, 39.62 cms (15.6"") FHD Screen, Windows 10, MS Office, Jet Black (15s-du1516TU)  ",3.8 out of 5 stars,54,"₹43,990",https://m.media-amazon.com/images/I/81Ne5qKmE8L._AC_UY218_.jpg,"screen,time,battery,person,lappy","3,3,2,2,2"
14,B0924PSV78,"RDP ThinBook 1010 - Intel Celeron Quad Core Processor, 4GB RAM, 64GB Storage, Windows 10 Pro, 14.1” HD Screen  ",3.1 out of 5 stars,371,"₹19,990",https://m.media-amazon.com/images/I/51C6EHkMQpS._AC_UY218_.jpg,"service,money,quality,customer,media","44,36,35,32,32"
15,B09DMRQ6XB,"Lenovo Ideapad Slim 3 10th Gen Intel Core i3 15.6"" (39.62cm) FHD Thin & Light Laptop (4GB/256 GB SSD/UHD Graphics/Windows 10/MS Office/2 Year Warranty/Platinum Grey/1.7Kg), 81WB0112IN  ",3.8 out of 5 stars,128,"₹34,990",https://m.media-amazon.com/images/I/61Dw5Z8LzJL._AC_UY218_.jpg,"speed,hdd,battery,quality,time","8,6,5,4,4"
16,B09FL5CK19,"HP 15 Ryzen 3 Thin & Light 15.6-inch (39.6 cms) FHD Laptop (Ryzen 3 3250U/8GB/256GB SSD/Windows 10/MS Office/1.69 kg), 15s-gy0501AU, Silver  ",3.9 out of 5 stars,24,"₹38,990",https://m.media-amazon.com/images/I/71SMr4ZGf1L._AC_UY218_.jpg,"battery,warranty,slip,warrant,licence","5,4,3,3,2"
17,B09G9ZVCKQ,"Lenovo IdeaPad Slim 3 10th Gen Intel Core i3 15.6"" (39.62cm) FHD Thin & Light Laptop (4GB/256GB SSD/Windows 10/MS Office/2 Year Warranty/Platinum Grey/1.7Kg), 81WB010XIN  ",3.2 out of 5 stars,4,"₹37,190",https://m.media-amazon.com/images/I/61Dw5Z8LzJL._AC_UY218_.jpg,https://www.amazon.in/Lenovo-IdeaPad-Warranty-Platinum-81WB010XIN/dp/B09G9ZVCKQ/ref=sr_1_22?keywords=laptop&qid=1636205411&sr=8-22,https://www.amazon.in/Lenovo-IdeaPad-Warranty-Platinum-81WB010XIN/product-reviews/B09G9ZVCKQ/ref=cm_cr_dp_d_show_all_btm?ie=UTF8&reviewerType=all_reviews
18,B09F3QJG6Z,"Dell 15 (2021) i3-1005G1 Laptop, 8GB, 1TB HDD, Win 10 + MS Office, Integrated Graphics, 15.6"" (39.61 cms) FHD Display, Carbon Color (Inspiron 3511, D560592WIN9BE)  ",1.0 out of 5 stars,1,"₹57,990",https://m.media-amazon.com/images/I/61XR0oGhF6L._AC_UY218_.jpg,https://www.amazon.in/Dell-i3-1005G1-Integrated-3511-D560592WIN9BE/dp/B09F3QJG6Z/ref=sr_1_25?keywords=laptop&qid=1636205411&sr=8-25,
19,B09BCSPX7X,"Lenovo IdeaPad Slim 3 2021 11th Gen Intel Core i5 15.6"" (39.62cm) FHD Thin & Light Laptop (8GB/256GB SSD/Windows 10/MS Office/Backlit Keyboard/2 Year Warranty/Arctic Grey/1.65Kg), 82H80156IN  ",4.0 out of 5 stars,28,"₹49,990",https://m.media-amazon.com/images/I/61q6x-ll5FL._AC_UY218_.jpg,"quality,storage,battery,performance,display","6,5,3,3,3"
20,B099X41XHY,"Dell Inspiron 3505 15.6"" FHD AG Display Laptop (R3-3250U/ 8GB DDR4/ 256GB SSD/ Win 10 + MS Office/ Radeon Graphics/ Soft Mint Color) D560486WIN9S  ",3.4 out of 5 stars,42,"₹36,990",https://m.media-amazon.com/images/I/51UZShSOtFL._AC_UY218_.jpg,"description,experience,money,space,time","3,3,3,2,2"
21,B098P62W63,"ASUS TUF Gaming F15, 15.6-inch (39.62 cms) FHD 144Hz, Core i5-10300H 10th Gen, GTX 1650 Ti 4GB Graphics, Gaming Laptop (8GB/512GB SSD/1-Month Office 365 Trial/Windows 10/Gray/2.3 Kg), FX566LI-HN272T  ",4.4 out of 5 stars,1169,"₹58,999",https://m.media-amazon.com/images/I/914o5xV1+8L._AC_UY218_.jpg,"battery,gaming,performance,price,media","142,116,76,75,65"
22,B09FHSCTPF,"Lenovo IdeaPad Slim 3 11th Gen Intel Core i5 15.6"" (39.62cm) FHD IPS Thin & Light Laptop (8GB/512GB SSD/Windows 10/MS Office/2Yr Warranty/Backlit Keyboard/Arctic Grey/1.65Kg), 82H801KAIN  ",5.0 out of 5 stars,5,"₹54,990",https://m.media-amazon.com/images/I/61q6x-ll5FL._AC_UY218_.jpg,https://www.amazon.in/Lenovo-IdeaPad-Warranty-Keyboard-82H801KAIN/dp/B09FHSCTPF/ref=sr_1_34?keywords=laptop&qid=1636205411&sr=8-34,https://www.amazon.in/Lenovo-IdeaPad-Warranty-Keyboard-82H801KAIN/product-reviews/B09FHSCTPF/ref=cm_cr_dp_d_show_all_btm?ie=UTF8&reviewerType=all_reviews
23,B09FHT8219,"Lenovo IdeaPad Slim 5 11th Gen Intel Core i5 15.6"" (39.62cm) FHD IPS Thin & Light Laptop (16GB/512GB SSD/Windows 10/Office/300Nits/Backlit Keyboard/Fingerprint Reader/Graphite Grey/1.66Kg), 82FG013WIN  ",4.3 out of 5 stars,114,"₹62,990",https://m.media-amazon.com/images/I/61WNxdAeAoL._AC_UY218_.jpg,"performance,ram,keyboard,fingerprint,battery","13,12,12,9,9"
24,B09F9Q17XT,"Acer Aspire 3 AMD Athlon Silver 3050U Dual-core Processor 15.6"" (39.6 cms) Laptop - (4 GB/1TB HDD/Windows 10 Home/AMD Radeon Graphics /1.9Kg/Silver) A315-23  ",3.2 out of 5 stars,15,"₹32,400",https://m.media-amazon.com/images/I/713qk2mtM0L._AC_UY218_.jpg,https://www.amazon.in/Acer-Aspire-Athlon-Dual-core-Processor/dp/B09F9Q17XT/ref=sr_1_37?keywords=laptop&qid=1636205416&sr=8-37,https://www.amazon.in/Acer-Aspire-Athlon-Dual-core-Processor/product-reviews/B09F9Q17XT/ref=cm_cr_dp_d_show_all_btm?ie=UTF8&reviewerType=all_reviews
25,B09F3QZLB6,"Dell 14 (2021) i3-1115G4 Laptop, 8GB, 256GB SSD, Win 10 + MS Office, Integrated Graphics, 14.0"" (35.56 cms) FHD Display, Dune Color (Vostro 3400, D552201WIN9DE)  ",4.0 out of 5 stars,26,"₹42,390",https://m.media-amazon.com/images/I/51CEknIIHcL._AC_UY218_.jpg,"battery,speed,price,performance,work","4,3,3,3,2"
26,B08DHZS1XQ,Lenovo 82C7A006IH AG V15 ADA AMD Athlon Silver 3050U 15.6 inches HD Laptop (4GB RAM/1TB HDD/Windows-10/Integrated Radeon Graphics/Iron Grey/1.85kg)  ,3.2 out of 5 stars,159,"₹31,409",https://m.media-amazon.com/images/I/51RSK3t7tsL._AC_UY218_.jpg,"money,products,warranty,processor,programming","7,5,5,4,3"
27,B09HHL3BNR,"Lenovo V15 Intel Celeron N4020 15.6"" FHD (1080p)(39.62 cm) HD Thin and Light Laptop (4GB RAM/1 TB HDD / DOS /Iron Grey/1 Year Onsite Warranty/1.7 kg), 82C30052IH  ",2.0 out of 5 stars,1,"₹30,300",https://m.media-amazon.com/images/I/61koe2VO+jL._AC_UY218_.jpg,https://www.amazon.in/Lenovo-Celeron-Laptop-Warranty-82C30052IH/dp/B09HHL3BNR/ref=sr_1_40?keywords=laptop&qid=1636205416&sr=8-40,
28,B0999BTTKZ,Lenovo IdeaPad Slim 3 10th Gen Intel Core i3 15.6 inches FHD Thin & Light Business Laptop (8GB/1TB HDD/Windows 10/MS Office/UHD Graphics/Platinum Grey/1.7Kg)  ,3.8 out of 5 stars,363,"₹41,000",https://m.media-amazon.com/images/I/61Dw5Z8LzJL._AC_UY218_.jpg,"battery,weight,camera,money,support","17,10,8,7,7"
29,B09DY8BGSY,"HP Pavilion Gaming 10th Gen Intel Core i5 15.6-inch (39.6 cms) FHD Gaming Laptop (8GB/256GB SSD + 1TB HDD/144Hz/GTX 1650Ti 4GB Graphics/Windows 10/MS Office/2.28 kg), 15-dk1514TX, Black  ",4.1 out of 5 stars,137,"₹65,990",https://m.media-amazon.com/images/I/611VHOvjkES._AC_UY218_.jpg,"battery,gaming,performance,quality,games","18,13,12,10,7"
30,B09FHS18PW,"Lenovo IdeaPad Slim 3 10th Gen Intel Core i5 15.6"" (39.62cm) FHD IPS Thin & Light Laptop (8GB/512GB SSD/Windows 10/MS Office/2 Yr Warranty/Platinum Grey/1.7Kg), 81WB013AIN  ",3.9 out of 5 stars,236,"₹49,990",https://m.media-amazon.com/images/I/61Dw5Z8LzJL._AC_UY218_.jpg,"quality,battery,camera,money,display","26,23,20,13,12"
31,B08X4PZZMM,"Dell Inspiron 3501 15.6"" (39.62 cms) FHD Display Laptop (i5-1135G7 / 4GB / 1TB HDD + 256GB SSD / Integrated Graphics / Win 10 + MSO / Soft Mint Color) D560437WIN9SE  ",3.9 out of 5 stars,90,"₹56,500",https://m.media-amazon.com/images/I/510u0O5aJcL._AC_UY218_.jpg,"time,battery,quality,hours,money","5,5,4,4,4"
32,B09C5XN8X7,"Lenovo IdeaPad Slim 3 2021 11th Gen Intel Core i3 15.6"" (39.62cm) FHD IPS Thin & Light Laptop (8GB/512GB SSD/Windows 10/MS Office/2 Year Warranty/Arctic Grey/1.65Kg), 82H801FKIN  ",3.9 out of 5 stars,112,"₹43,490",https://m.media-amazon.com/images/I/61q6x-ll5FL._AC_UY218_.jpg,"quality,backup,performance,work,time","9,4,4,4,4"
33,B09DMRPV51,"Lenovo IdeaPad Slim 3 AMD Ryzen 3 3250U 15.6"" (39.62cm) HD AG Thin & Light Laptop (8GB/256GB SSD/Windows 10/Radeon Graphics/MS Office/Platinum Grey/1.85Kg), 81W101QYIN  ",4.2 out of 5 stars,286,"₹35,990",https://m.media-amazon.com/images/I/61Dw5Z8LzJL._AC_UY218_.jpg,"price,performance,battery,quality,speed","26,20,19,18,12"
34,B0979DZ76J,"HP 14 (2021) Thin & Light 10th Gen Intel Core i3, 8GB RAM, 512GB SSD, 15.6-inch (39.6 cms) FHD Screen, Windows 10, MS Office, 4G LTE Connection, Natural Silver(14s-er0502TU)  ",3.8 out of 5 stars,19,"₹49,999",https://m.media-amazon.com/images/I/61HIqJZKPkS._AC_UY218_.jpg,"display,price,inch,office,screen","6,4,3,3,2"
35,B09CMMMV11,"HP Chromebook x360 14-inch (35.56 cms) Thin & Light Touchscreen Laptop (AMD 3015CE/4GB/64GB eMMC Storage/Chrome OS/Forest Teal/1.49 kg), 14a-cb0005AU  ",3.7 out of 5 stars,47,"₹31,990",https://m.media-amazon.com/images/I/81hoonPUdxL._AC_UY218_.jpg,"screen,storage,price,battery,tab","8,8,8,7,7"
36,B09F3QCGFM,"Dell 15 (2021) Ryzen 5-3450U Laptop, 8GB DDR4, 256GB SSD, Win 10 + MS Office, Vega Graphics, 15.6"" (39.61 cms) FHD Display, Soft Mint (Inspiron 3505, D560616WIN9SE)  ",2.8 out of 5 stars,8,"₹45,990",https://m.media-amazon.com/images/I/51TACuT6SNL._AC_UY218_.jpg,https://www.amazon.in/Dell-Graphics-Inspiron-3505-D560616WIN9SE/dp/B09F3QCGFM/ref=sr_1_52?keywords=laptop&qid=1636205416&sr=8-52,https://www.amazon.in/Dell-Graphics-Inspiron-3505-D560616WIN9SE/product-reviews/B09F3QCGFM/ref=cm_cr_dp_d_show_all_btm?ie=UTF8&reviewerType=all_reviews
37,B08JCDHPGF,"Lenovo IdeaPad Slim 3 AMD 3020e 15.6"" (39.63cm) HD Thin & Light Laptop (4GB/1TB HDD/Windows 10/AMD Radeon Graphics/Platinum Grey/1.85Kg), 81W100VFIN  ",3.6 out of 5 stars,394,"₹31,999",https://m.media-amazon.com/images/I/61Dw5Z8LzJL._AC_UY218_.jpg,"money,office,quality,camera,battery","12,9,9,9,9"
38,B09D3B7NX9,Acer Aspire 5 Intel Core i3 11th Generation 14-inch (35.56 cms) Thin and Light Laptop - (4 GB/256 GB SSD/Windows 10 Home/Intel UHD Graphics /1.45Kg/Silver) A514-54  ,3.4 out of 5 stars,37,"₹36,999",https://m.media-amazon.com/images/I/71euQ6eHPYL._AC_UY218_.jpg,"quality,keyboard,sound,money,price","9,8,7,5,5"
39,B09H7G428M,"Lenovo IdeaPad Gaming 3 AMD Ryzen 5 4600H 15.6""FHD IPS Gaming Laptop (8GB/512GB SSD/W10/120Hz/GTX 1650/Black/2.2Kg), 82EY00UAIN + Ideapad M100 RGB Gaming Mouse (7 Buttons, 7 Color LED, 3200DPI)  ",4.4 out of 5 stars,330,"₹55,289",https://m.media-amazon.com/images/I/61OhtnNT6-L._AC_UY218_.jpg,"battery,gaming,quality,performance,keyboard","39,34,31,29,26"
40,B093VZC5X9,"HP 14 (2021) 11th Gen Intel Core i3 Laptop with Alexa Built-in, 8GB RAM, 256GB SSD, 14-Inch (35.6 cm) FHD Screen, Windows 10, MS Office, (14s- dy2501tu)  ",4.1 out of 5 stars,921,"₹55,289",https://m.media-amazon.com/images/I/71bJqS8ZLTL._AC_UY218_.jpg,"quality,screen,warranty,battery,money","44,40,36,25,24"
41,B07N96FWYL,"(Renewed) Dell Latitude Intel 4th Gen Core i5 14-Inch (35.56 cms) 1366x768 Laptop (4 GB/120 GB SSD/Windows 10/Integrated Graphics/Gray/2 kg), E5440-i5-4 GB-120 GB  ",1.0 out of 5 stars,2,"₹24,990",https://m.media-amazon.com/images/I/51NW0q-szmL._AC_UY218_.jpg,https://www.amazon.in/Latitude-E5440-i5-4-GB-120-GB-Integrated/dp/B07N96FWYL/ref=sr_1_55?keywords=laptop&qid=1636205420&sr=8-55,https://www.amazon.in/Latitude-E5440-i5-4-GB-120-GB-Integrated/product-reviews/B07N96FWYL/ref=cm_cr_dp_d_show_all_btm?ie=UTF8&reviewerType=all_reviews
42,B07ZD7CBLL,"(Renewed) Lenovo Intel Core i5 3320M 14-Inch (35.56 cms) 1366x768 Laptop (8 GB/500 GB HDD/Windows 10/MS Office Pro 2019 /Intel HD Graphics 4000/Black/1.60 Kg), Thinkpad T430  ",3.0 out of 5 stars,125,"₹26,860",https://m.media-amazon.com/images/I/612VugUICLL._AC_UY218_.jpg,"battery,money,condition,value,months","16,13,12,12,9"
43,B09BVVJP7Z,"Lenovo V15 Intel Core i5 11th Gen 15.6"" (39.62 cm) FHD Thin and Light Laptop (8GB RAM/256GB SSD/Windows 10/MS Office/Black/1.7 kg), 82KB00EYIN  ",4.6 out of 5 stars,5,"₹53,990",https://m.media-amazon.com/images/I/51AtifCisBL._AC_UY218_.jpg,https://www.amazon.in/Lenovo-V15-Laptop-Windows-82KB00EYIN/dp/B09BVVJP7Z/ref=sr_1_58?keywords=laptop&qid=1636205420&sr=8-58,https://www.amazon.in/Lenovo-V15-Laptop-Windows-82KB00EYIN/product-reviews/B09BVVJP7Z/ref=cm_cr_dp_d_show_all_btm?ie=UTF8&reviewerType=all_reviews
44,B01GVVMIPG,HP EliteBook 8460P 14-inch Notebook PC - Intel Core i5-2520M 2.5GHz 8GB 250GB Windows 10 Professional (Renewed)  ,3.6 out of 5 stars,520,"₹23,690",https://m.media-amazon.com/images/I/61KEWGiDAOL._AC_UY218_.jpg,https://www.amazon.in/HP-EliteBook-8460P-14-inch-Notebook/dp/B01GVVMIPG/ref=sr_1_62?keywords=laptop&qid=1636205420&sr=8-62,
45,B08X4P6V2M,"Dell Vostro 3401 35.56 cm (14"") FHD Display Laptop (11th Gen i3-1115G4 / 8GB / 1TB HDD / Integrated Graphics / Win 10 + MSO / Accent Black) D552175WIN9BE  ",3.7 out of 5 stars,196,"₹40,620",https://m.media-amazon.com/images/I/8147cwFm2PL._AC_UY218_.jpg,"time,windows,ram,quality,machine","13,6,6,6,5"
46,B09DL27QLK,"ASUS Vivobook 14 Core i3 10th Gen - (4 GB/1 TB HDD/Windows 10 Home) X409FA-BV301T Thin and Light Laptop (14.1 inch, Slate Grey, 1.6 kg)  ",3.3 out of 5 stars,3,"₹33,900",https://m.media-amazon.com/images/I/71+cBm-j0TL._AC_UY218_.jpg,https://www.amazon.in/ASUS-Vivobook-Core-10th-X409FA-BV301T/dp/B09DL27QLK/ref=sr_1_66?keywords=laptop&qid=1636205420&sr=8-66,https://www.amazon.in/ASUS-Vivobook-Core-10th-X409FA-BV301T/product-reviews/B09DL27QLK/ref=cm_cr_dp_d_show_all_btm?ie=UTF8&reviewerType=all_reviews
47,B098XLXDRS,Mi Notebook Ultra 3K Resolution Display Intel Core i5-11300H 11th Gen 15.6-inch(39.62 cms) Thin and Light Laptop (8GB/512GB SSD/Iris Xe Graphics/Win 10/MS Office/Backlit KB/Fingerprint Sensor/1.7Kg)  ,4.1 out of 5 stars,245,"₹59,999",https://m.media-amazon.com/images/I/81RHHnGydgL._AC_UY218_.jpg,"battery,display,quality,speakers,price","69,63,54,41,35"
48,B09DGDW4Y1,"HP Pavilion 15 Ryzen 5 15.6-inch (39.6 cms) Thin & Light FHD Laptop (16GB/512GB SSD/B&O Audio/Windows 10/MS Office/Fingerprint Reader/Natural Silver/1.75 kg), 15-eh1103AU  ",4.3 out of 5 stars,1206,"₹65,990",https://m.media-amazon.com/images/I/71EhyC2huLL._AC_UY218_.jpg,"core,battery,performance,quality,price","172,77,47,47,44"
49,B09F3Q4CWN,"Dell 15 (2021) Ryzen 3-3250U Laptop, 8GB, 1TB HDD, Win 10 + MS Office, Radeon Graphics, 15.6"" (39.61 cms) FHD Display, Soft Mint Color (Inspiron 3505, D560617WIN9SE)  ",2.3 out of 5 stars,5,"₹39,990",https://m.media-amazon.com/images/I/51TACuT6SNL._AC_UY218_.jpg,https://www.amazon.in/Dell-Graphics-Inspiron-3505-D560617WIN9SE/dp/B09F3Q4CWN/ref=sr_1_69?keywords=laptop&qid=1636205423&sr=8-69,https://www.amazon.in/Dell-Graphics-Inspiron-3505-D560617WIN9SE/product-reviews/B09F3Q4CWN/ref=cm_cr_dp_d_show_all_btm?ie=UTF8&reviewerType=all_reviews
50,B09GKWR7RT,"ASUS VivoBook 14 Core i5 10th Gen,14-inch FHD,Thin and Light Laptop(8GB/512GB SSD/MSO/Win 10/Integrated Graphics/Silver/1.6 Kg) + Wireless Mouse + Microsoft 365 Personal 12-Month Subscription  ",3.9 out of 5 stars,102,"₹49,590",https://m.media-amazon.com/images/I/71oeQO9yWzL._AC_UY218_.jpg,"battery,camera,quality,performance,warranty","10,10,8,7,6"
51,B097T1WN1Y,"Dell Vostro 3400 14"" FHD Display Laptop (i5-1135G7 / 8GB / 1TB HDD + 256GB SSD / Integrated Graphics / Win10 + MSO / Black) D552186WIN9BE  ",3.6 out of 5 stars,109,"₹53,990",https://m.media-amazon.com/images/I/51IsQHLroNL._AC_UY218_.jpg,"battery,backup,issue,display,heating","20,10,7,7,6"
52,B098P1K6W9,"Fujitsu UH-X 11th Gen Intel Core i5 13.3” (33.78cm) FHD IPS 400Nits Thin and Light Laptop (8GB/512GB SSD/Win10/Office/Iris Xe Graphics/Backlit Kb/ Fingerprint Reader/Black/878gms), 4ZR1D67595  ",3.7 out of 5 stars,15,"₹69,990",https://m.media-amazon.com/images/I/91MVVK14sEL._AC_UY218_.jpg,"quality,battery,weight,screen,media","8,7,7,5,3"
53,B098QBT5KT,"Victus by HP Ryzen 5 5600H 16.1-inch(40.9 cm) FHD Gaming Laptop (8GB RAM/512GB SSD/4GB Radeon RX5500M Graphics/Flicker Free Display/Windows 10/MS Office/Mica Silver/2.48 Kg), 16-e0162AX, Black  ",4.4 out of 5 stars,20,"₹70,893",https://m.media-amazon.com/images/I/71h7F81EBoS._AC_UY218_.jpg,"gpu,performance,issue,screen,graphics","9,8,8,7,6"
54,B08T6SJ215,"HP 15 (2021) Thin & Light Ryzen 3-3250 Laptop, 8 GB RAM, 1TB HDD, 39.62 cms (15.6"") FHD Screen, Windows 10, MS Office (15s-gr0011AU)  ",3.9 out of 5 stars,1836,"₹31,990",https://m.media-amazon.com/images/I/71SMr4ZGf1L._AC_UY218_.jpg,"quality,money,time,performance,screen","46,45,37,34,29"
55,B0987S6PG1,"ASUS TUF Gaming F17 (2021), 17.3-inch (43.94 cms) FHD 144Hz, Intel Core i7-11800H 11th Gen, GeForce RTX 3050 Ti 4GB Graphics, Gaming Laptop (16GB/1TB SSD/Windows 10/Eclipse Gray/2.6 Kg) FX766HE-HX022T  ",4.6 out of 5 stars,6,"₹1,13,990",https://m.media-amazon.com/images/I/81URizOYflL._AC_UY218_.jpg,https://www.amazon.in/ASUS-17-3-inch-i7-11800H-GeForce-RTX-3050-Ti-FX766HE-HX022T/dp/B0987S6PG1/ref=sr_1_82?keywords=laptop&qid=1636205423&sr=8-82,https://www.amazon.in/ASUS-17-3-inch-i7-11800H-GeForce-RTX-3050-Ti-FX766HE-HX022T/product-reviews/B0987S6PG1/ref=cm_cr_dp_d_show_all_btm?ie=UTF8&reviewerType=all_reviews
56,B095JZLDSF,"HP 14 (2021) Thin & Light 11th Gen Core i3 Laptop, 8GB RAM, 256GB SSD, Intel UHD Graphics, 14-inch (35.56 cms) HD Screen, Windows 10, MS Office, Alexa Built-in (14s-dq2100TU), Black  ",3.9 out of 5 stars,55,"₹41,490",https://m.media-amazon.com/images/I/71CiYVzgJsL._AC_UY218_.jpg,"screen,office,quality,model,work","6,6,5,4,4"
57,B095JY5B3F,"Lenovo V15 AMD 15.6-inch (39.6 cm) FHD Thin and Light Laptop (AMD Athlon Silver 3050 U/ 4GB RAM/ 1TB HDD/ Windows 10 Home/Integrated AMD Radeon Graphics/ Iron Grey/ 1.85 kg), 82C700J0IH  ",3.3 out of 5 stars,170,"₹30,650",https://m.media-amazon.com/images/I/71vCx6vbdBL._AC_UY218_.jpg,"battery,quality,media,processor,performance","7,7,7,6,5"
58,B09BF65Z1V,"ASUS VivoBook 14 (2021), Intel Core i5-1135G7 11th Gen, 14-Inch (35.56 cms) FHD Thin and Light Laptop (8GB RAM/1TB HDD + 256GB SSD/Office 2019/Windows 10/Integrated/Silver/1.6 kg), X415EA-EB572TS  ",3.6 out of 5 stars,20,"₹53,990",https://m.media-amazon.com/images/I/71WuDXpTAlL._AC_UY218_.jpg,"quality,keyboard,issue,replacement,review","7,6,4,4,4"
59,B09GXZH1XH,"Dell 15 Insp 3511 i5-1135G7 Laptop, 8GB, 256GB SSD, Win 10 + MSO, Integrated Graphics, FHD Display, Carbon Color + Dell W/L Mouse MS3320W Black, 2.4 GHz RF W/L or BT 5.0, 1600 dpi, 3 Buttons, Multi-OS  ",3.8 out of 5 stars,13,"₹54,739",https://m.media-amazon.com/images/I/71ovDFpOMNL._AC_UY218_.jpg,https://www.amazon.in/Dell-i5-1135G7-Integrated-Graphics-Multi-OS/dp/B09GXZH1XH/ref=sr_1_86?keywords=laptop&qid=1636205427&sr=8-86,https://www.amazon.in/Dell-i5-1135G7-Integrated-Graphics-Multi-OS/product-reviews/B09GXZH1XH/ref=cm_cr_dp_d_show_all_btm?ie=UTF8&reviewerType=all_reviews
60,B08JCP96XL,"Lenovo IdeaPad Slim 3 AMD Athlon Silver 3050U 15.6"" (39.63cm) HD Thin & Light Laptop (4GB/1TB HDD/Windows 10/AMD Radeon Graphics/Platinum Grey/1.85Kg), 81W100W9IN  ",3.1 out of 5 stars,87,"₹54,739",https://m.media-amazon.com/images/I/61Dw5Z8LzJL._AC_UY218_.jpg,"quality,problem,time,money,performance","8,5,5,5,5"
61,B09G3CWM3J,"Lenovo ThinkBook 15 Intel 11th Gen Core i5 15.6"" (39.62 cm) FHD IPS 300 nits Antiglare 100% sRGB Thin and Light Laptop (8GB/1TB HDD+128GB SSD/Windows 10/MS Office/Mineral Grey/1.7 Kg), 20VEA0HCIH  ",4.3 out of 5 stars,434,"₹59,990",https://m.media-amazon.com/images/I/613KupQMpLL._AC_UY218_.jpg,"battery,warranty,keyboard,life,performance","19,16,14,13,12"
62,B09DCSJFBJ,ASUS VivoBook15-X515EA-BQ312TS-Intel Core i3-1115G4 (8GB RAM/256 GB NVMe SSD/Win10+McAfee/Ms Office H&S 2019/15.6-inch FHD IPS/FP Reader/1.75 kg/Silver/1 Yr. Warranty)  ,3.3 out of 5 stars,7,"₹39,100",https://m.media-amazon.com/images/I/61KeA6Ah33L._AC_UY218_.jpg,https://www.amazon.in/ASUS-VivoBook15-X515EA-BQ312TS-Intel-i3-1115G4-15-6-inch-Warranty/dp/B09DCSJFBJ/ref=sr_1_90?keywords=laptop&qid=1636205427&sr=8-90,https://www.amazon.in/ASUS-VivoBook15-X515EA-BQ312TS-Intel-i3-1115G4-15-6-inch-Warranty/product-reviews/B09DCSJFBJ/ref=cm_cr_dp_d_show_all_btm?ie=UTF8&reviewerType=all_reviews
63,B08N5W4NNB,"2020 Apple MacBook Air (13.3-inch/33.78 cm, Apple M1 chip with 8-core CPU and 7-core GPU, 8GB RAM, 256GB SSD) - Space Grey  ",4.7 out of 5 stars,1155,"₹83,900",https://m.media-amazon.com/images/I/71jG+e7roXL._AC_UY218_.jpg,"apple,battery,life,air,performance","48,45,38,34,22"
64,B096SKD3V7,"Lenovo IdeaPad Slim 3 2021 Intel Core i5 11th Gen 14"" (35.56cm) FHD IPS Thin & Light Laptop (8GB/512GB SSD/Windows 10/MS Office/Backlit/Fingerprint Reader/2 Yr Warranty/Arctic Grey/1.41kg), 82H700KTIN  ",4.0 out of 5 stars,62,"₹56,990",https://m.media-amazon.com/images/I/61XJ6xrICAL._AC_UY218_.jpg,"battery,windows,hours,service,display","6,5,4,4,3"
65,B09BBH562C,"Dell Vostro 3401 14"" FHD Display Laptop (11th Gen i3-1115G4 / 8GB / 1TB HDD / Integrated Graphics / Win 10 + MSO / Accent Black) D552175WIN9BE+Dell Wireless Mouse WM118  ",4.0 out of 5 stars,1,"₹41,270",https://m.media-amazon.com/images/I/71j6+cQXHeL._AC_UY218_.jpg,https://www.amazon.in/Dell-i3-1115G4-Integrated-Graphics-D552175WIN9BE/dp/B09BBH562C/ref=sr_1_97?keywords=laptop&qid=1636205427&sr=8-97,
66,B09CCNMXB1,"ASUS TUF Dash F15 (2021) 15.6-inch (39.62 cms) FHD 144Hz, Intel Core i7-11370H 11th Gen, RTX 3050 4GB Graphics, Gaming Laptop (16GB/512GB SSD/Windows 10/Gray/2 Kg), FX516PCZ-HN091T  ",3.8 out of 5 stars,12,"₹93,990",https://m.media-amazon.com/images/I/81stVUZ+WuL._AC_UY218_.jpg,https://www.amazon.in/ASUS-Dash-F15-15-6-inch-i7-11370H-FX516PCZ-HN091T/dp/B09CCNMXB1/ref=sr_1_98?keywords=laptop&qid=1636205427&sr=8-98,https://www.amazon.in/ASUS-Dash-F15-15-6-inch-i7-11370H-FX516PCZ-HN091T/product-reviews/B09CCNMXB1/ref=cm_cr_dp_d_show_all_btm?ie=UTF8&reviewerType=all_reviews
67,B08MQ7QKHJ,"Dell Vostro 3401 14"" FHD Anti Glare Display Laptop / i3-1005G1 / 8GB / 1TB / Integrated Graphics / Win 10 + Office H&S/ Black) D552149WIN9BE  ",3.7 out of 5 stars,196,"₹36,990",https://m.media-amazon.com/images/I/51IsQHLroNL._AC_UY218_.jpg,"time,windows,ram,quality,machine","13,6,6,6,5"
68,B09F3QKQH6,"Dell 14 (2021) i7-1195G7 2in1 Touch Screen Laptop, 16GB, 512GB SSD, Win 10 + MS Office, 14.0"" (35.56 cms) FHD Display, Backlit KB, FPR + Active Pen, Platinum Silver (Inspiron 5410, D560596WIN9S)  ",5.0 out of 5 stars,1,"₹88,490",https://m.media-amazon.com/images/I/618nCW+Qk+S._AC_UY218_.jpg,https://www.amazon.in/Dell-i7-1195G7-Platinum-5410-D560596WIN9S/dp/B09F3QKQH6/ref=sr_1_101?keywords=laptop&qid=1636205432&sr=8-101,https://www.amazon.in/Dell-i7-1195G7-Platinum-5410-D560596WIN9S/product-reviews/B09F3QKQH6/ref=cm_cr_dp_d_show_all_btm?ie=UTF8&reviewerType=all_reviews
69,B08YRNPTM2,"AVITA Essential Refresh NE14A2INC43A-MB 14-inch/35.56 cm(Intel Celeron-N4020/4GB/128GB SSD/Windows 10 Home/FHD/Integrated Graphics), Matt Black  ",3.8 out of 5 stars,177,"₹23,750",https://m.media-amazon.com/images/I/61YdFkoR9dL._AC_UY218_.jpg,"price,battery,camera,quality,ports","11,8,8,7,6"
70,B07HR5Z6Y1,"(Renewed) Dell Latitude (2nd Gen Core i5/4GB RAM/250 GB HDD/14""/Win 7/Greyish Silver/1.80 kg) Business Laptop  ",4.0 out of 5 stars,1,"₹22,999",https://m.media-amazon.com/images/I/51JU0LtYpDL._AC_UY218_.jpg,https://www.amazon.in/REFURBISHED-Dell-E6420-Discontinued-Manufacturer/dp/B07HR5Z6Y1/ref=sr_1_103?keywords=laptop&qid=1636205432&sr=8-103,
71,B09G9Z32KW,"Lenovo IdeaPad Slim 5 11th Gen Intel Core i5 15.6"" (39.62cm) FHD IPS Thin & Light Laptop (16GB/512GB SSD/Windows 10/MS Office/Backlit Keyboard/Fingerprint Reader/Graphite Grey/1.66Kg), 82FG014DIN  ",4.0 out of 5 stars,93,"₹62,990",https://m.media-amazon.com/images/I/61WNxdAeAoL._AC_UY218_.jpg,"screen,quality,price,time,office","12,11,10,10,9"
72,B09G6VPW6W,"HP Pavilion x360 11th Gen Intel Core i5 14-inch(35.6 cm) Touchscreen 2-in-1 FHD Laptop (16GB/512GB SSD/Fingerprint Reader/Windows 10/MS Office/Natural Silver/1.41 Kg), 14-dy0053TU  ",4.2 out of 5 stars,255,"₹69,490",https://m.media-amazon.com/images/I/71MxW5fXc-L._AC_UY218_.jpg,"screen,battery,quality,price,touch","31,17,15,15,13"
73,B097SVSX1M,"Lenovo V14 AMD RYZEN 3 3250U Laptop (4GB/1TB/Dos/ 35.56 cm (14"") HD / Iron Grey/ 3 Year Warranty/ 1.85Kg) 82C6000LIH  ",3.4 out of 5 stars,34,"₹38,060",https://m.media-amazon.com/images/I/51Fogk+EHiL._AC_UY218_.jpg,"price,keyboard,ram,windows,issues","6,6,5,4,4"
74,B096KWK1DB,"ASUS TUF Dash F15 (2021), 15.6-inch (39.62 cms) FHD 144Hz, Intel Core i5-11300H 11th Gen, RTX 3050 4GB Graphics Gaming Laptop (8GB RAM/512GB SSD/Windows 10/White/2 kg), FX516PC-HN057T, Moonlight White  ",3.6 out of 5 stars,101,"₹67,990",https://m.media-amazon.com/images/I/81mLxU0CcAL._AC_UY218_.jpg,"battery,fps,screen,gaming,quality","12,11,11,10,9"
75,B07LB4XRWC,"(Renewed) Dell Latitude 2nd Gen Intel Core i5 14 inches 1366x768 Business Laptop (8 GB/500 GB/Windows 7/Integrated Graphics/Greyish Silver/2.40 Kg), E6420-i5-8 GB-500 GB  ",2.5 out of 5 stars,8,"₹24,878",https://m.media-amazon.com/images/I/61B51ldAMWL._AC_UY218_.jpg,https://www.amazon.in/Dell-E6420-i5-8-GB-500-GB-Integrated/dp/B07LB4XRWC/ref=sr_1_114?keywords=laptop&qid=1636205432&sr=8-114,https://www.amazon.in/Dell-E6420-i5-8-GB-500-GB-Integrated/product-reviews/B07LB4XRWC/ref=cm_cr_dp_d_show_all_btm?ie=UTF8&reviewerType=all_reviews
76,B094XL5V92,"Lenovo Legion Y540 9th Gen Intel Core i5-9300HF 15.6"" (39.63cm) FHD IPS Gaming Laptop (8GB/1TB + 256GB SSD/Windows 10/MS Office 2019/NVIDIA GTX 1650 4GB/Raven Black/2.3Kg), 81SY00UAIN  ",4.2 out of 5 stars,170,"₹62,990",https://m.media-amazon.com/images/I/7110pLjNCiL._AC_UY218_.jpg,"battery,gaming,screen,ram,quality","30,27,20,14,13"
77,B09G6XTPB8,"HP Pavilion Ryzen 5 14-Inch (35.6 cm) Thin & Light FHD Laptop (16GB/512GB SSD/2GB Graphics/Fingerprint Reader/Windows 10 Pro/MS Office/Natural Silver/1.41 Kg), 14-ec0000AX (HP Pavilion 14-ec0000AX)  ",3.7 out of 5 stars,9,"₹66,490",https://m.media-amazon.com/images/I/71mbvdW6uyL._AC_UY218_.jpg,https://www.amazon.in/HP-Pavilion-Graphics-Fingerprint-14-ec0000AX/dp/B09G6XTPB8/ref=sr_1_116?keywords=laptop&qid=1636205432&sr=8-116,https://www.amazon.in/HP-Pavilion-Graphics-Fingerprint-14-ec0000AX/product-reviews/B09G6XTPB8/ref=cm_cr_dp_d_show_all_btm?ie=UTF8&reviewerType=all_reviews
78,B09F3QNCY3,"Dell 15 (2021) Ryzen 5-5600H Gaming Laptop, 16GB DDR4, 512GB SSD, Win 10 + MS Office, NVIDIA RTX 3050 4Gb, 15.6"" (39.61 cms) FHD, Backlit KB Orange, Platinum Silver (G15 5515, D560540WIN9W)  ",4.4 out of 5 stars,10,"₹82,490",https://m.media-amazon.com/images/I/61nJfQx0SlL._AC_UY218_.jpg,https://www.amazon.in/Dell-Platinum-G15-5515-D560540WIN9W/dp/B09F3QNCY3/ref=sr_1_122?keywords=laptop&qid=1636205435&sr=8-122,https://www.amazon.in/Dell-Platinum-G15-5515-D560540WIN9W/product-reviews/B09F3QNCY3/ref=cm_cr_dp_d_show_all_btm?ie=UTF8&reviewerType=all_reviews
79,B08VRSHJKL,"Dell Inspiron 3501 Intel 11th Gen Core i5-1135G7 15.6 inches FHD Laptop (8GB/1TB + 256GB SSD/Windows 10 + MS Office 2019/Backlit KB/1.83 kg), Soft Mint  ",3.4 out of 5 stars,54,"₹62,600",https://m.media-amazon.com/images/I/51CYuZNUcoL._AC_UY218_.jpg,https://www.amazon.in/Dell-Inspiron-3501-15-6-inch-i5-1135G7/dp/B08VRSHJKL/ref=sr_1_132?keywords=laptop&qid=1636205439&sr=8-132,https://www.amazon.in/Dell-Inspiron-3501-15-6-inch-i5-1135G7/product-reviews/B08VRSHJKL/ref=cm_cr_dp_d_show_all_btm?ie=UTF8&reviewerType=all_reviews
80,B089DFJHZ8,Mi Notebook Horizon Edition 14 Intel Core i7-10510U 10th Gen Thin and Light Laptop(8GB/512GB SSD/Windows 10/Nvidia MX350 2GB Graphics/Grey/1.35Kg)(Without Webcam) XMA1904-AF  ,4.2 out of 5 stars,879,"₹58,990",https://m.media-amazon.com/images/I/713he67k8HL._AC_UY218_.jpg,"quality,keyboard,battery,camera,notebook","51,50,46,45,42"
81,B097SZHHLC,"Dell Vostro 3400 14"" FHD Display Laptop (i3-1115G4 / 8GB / 256GB SSD / Integrated Graphics / Win10 + MSO / Black) D552190WIN9BE  ",3.7 out of 5 stars,21,"₹43,090",https://m.media-amazon.com/images/I/51IsQHLroNL._AC_UY218_.jpg,https://www.amazon.in/Dell-Vostro-3400-Integrated-D552190WIN9BE/dp/B097SZHHLC/ref=sr_1_135?keywords=laptop&qid=1636205439&sr=8-135,https://www.amazon.in/Dell-Vostro-3400-Integrated-D552190WIN9BE/product-reviews/B097SZHHLC/ref=cm_cr_dp_d_show_all_btm?ie=UTF8&reviewerType=all_reviews
82,B095YTYHR7,"Lenovo V15 Intel Core i3 10th Gen 15.6"" (39.62 cm) FHD Thin and Light Laptop (8GB RAM/256GB SSD/Windows 10 Home/MS Office/1.85 kg), 82C500X8IH  ",3.7 out of 5 stars,19,"₹40,500",https://m.media-amazon.com/images/I/41uZ4VsGHUS._AC_UY218_.jpg,https://www.amazon.in/Lenovo-Laptop-Windows-Office-82C500X8IH/dp/B095YTYHR7/ref=sr_1_136?keywords=laptop&qid=1636205439&sr=8-136,https://www.amazon.in/Lenovo-Laptop-Windows-Office-82C500X8IH/product-reviews/B095YTYHR7/ref=cm_cr_dp_d_show_all_btm?ie=UTF8&reviewerType=all_reviews
83,B09D9RV2LV,Asus Laptop E410M-EK003T Celeron|N4020|4GB|256GBSSD|14 inch|W10H|INT|Black  ,5.0 out of 5 stars,2,"₹29,495",https://m.media-amazon.com/images/I/41b2ZOEL++L._AC_UY218_.jpg,https://www.amazon.in/Laptop-E410M-EK003T-Celeron-N4020-256GBSSD/dp/B09D9RV2LV/ref=sr_1_137?keywords=laptop&qid=1636205439&sr=8-137,https://www.amazon.in/Laptop-E410M-EK003T-Celeron-N4020-256GBSSD/product-reviews/B09D9RV2LV/ref=cm_cr_dp_d_show_all_btm?ie=UTF8&reviewerType=all_reviews
84,B09BCSNWC1,"Lenovo IdeaPad Gaming 3 Intel Core i5 10th Gen 15.6-inch (39.6 cm) FHD 120Hz IPS Gaming Laptop (8GB/512 SSD/Windows 10/NVIDIA GTX 1650 4GB GDDR6/Onyx Black/2.2Kg), 81Y401APIN  ",4.0 out of 5 stars,63,"₹59,900",https://m.media-amazon.com/images/I/61fpo-87DyL._AC_UY218_.jpg,"gaming,e,battery,price,temperature","10,7,7,7,5"
85,B08DHT9JSK,Lenovo 82C700D4IH V15 ADA AMD Athlon Silver 3050U 15.6 inches HD AG Laptop (4GB RAM/1TB HDD/DOS/Integrated Radeon Graphics/Iron Grey/1.85kg)  ,3.1 out of 5 stars,89,"₹57,999",https://m.media-amazon.com/images/I/51RSK3t7tsL._AC_UY218_.jpg,"range,price,money,work,softwares","4,4,3,3,3"
86,B071X5CVWP,"(Renewed) Dell Latitude E5440 14 Inch (35.56 cms) Laptop ( Intel Core i5 4th Gen, 8GB, 128 SSD, Windows 10 Pro, Intel HD Graphics 3000, Dark Gray, 1.90 Kg)  ",3.8 out of 5 stars,171,"₹26,199",https://m.media-amazon.com/images/I/61CiAWisMAS._AC_UY218_.jpg,"battery,price,computer,key,windows","13,13,11,10,10"
87,B08TFLKWXN,"ASUS Intel Pentium Quad Core 15.6 inches Business Laptop (4 GB/1 TB HDD/1366 X 768 HD/Windows 10 Home) Transparent Silver, 1.9 kg - X543MA-GQ1020T  ",3.6 out of 5 stars,21,"₹26,990",https://m.media-amazon.com/images/I/417uLvsY+1L._AC_UY218_.jpg,https://www.amazon.in/Asus-Pentium-Quad-Core-X543MA-GQ1020T/dp/B08TFLKWXN/ref=sr_1_147?keywords=laptop&qid=1636205443&sr=8-147,https://www.amazon.in/Asus-Pentium-Quad-Core-X543MA-GQ1020T/product-reviews/B08TFLKWXN/ref=cm_cr_dp_d_show_all_btm?ie=UTF8&reviewerType=all_reviews
88,B09CCQ2TS5,"ASUS TUF Gaming F15 (2021) 15.6-inch (39.62 cms) FHD 144Hz, Intel Core i7-11800H 11th Gen, RTX 3050 4GB Graphics, Gaming Laptop (8GB/1TB SSD/Windows 10/Gray/2.3 Kg), FX566HCB-HN231T, Eclipse Gray  ",5.0 out of 5 stars,1,"₹99,990",https://m.media-amazon.com/images/I/91aWfctUptL._AC_UY218_.jpg,https://www.amazon.in/ASUS-15-6-inch-i7-11800H-RTX-3050-FX566HCB-HN231T/dp/B09CCQ2TS5/ref=sr_1_149?keywords=laptop&qid=1636205443&sr=8-149,https://www.amazon.in/ASUS-15-6-inch-i7-11800H-RTX-3050-FX566HCB-HN231T/product-reviews/B09CCQ2TS5/ref=cm_cr_dp_d_show_all_btm?ie=UTF8&reviewerType=all_reviews
89,B095KSWP98,"(Renewed) ASUS VivoBook 15 (2020), 39.6 cm HD, Dual Core Intel Celeron N4020, Thin and Light Laptop (4GB RAM/256GB SSD/Integrated Graphics/Windows 10 Home/Transparent Silver/1.8 Kg), X515MA-BR002T  ",1.0 out of 5 stars,1,"₹56,942",https://m.media-amazon.com/images/I/51MjmgSD-gS._AC_UY218_.jpg,https://www.amazon.in/ASUS-VivoBook-Integrated-Transparent-X515MA-BR002T/dp/B095KSWP98/ref=sr_1_154?keywords=laptop&qid=1636205443&sr=8-154,
90,B09BCQCDF2,"Lenovo IdeaPad Slim 3 2021 11th Gen Intel Core i3 15.6"" (39.62cm) FHD Thin & Light Laptop (8GB/256GB SSD/DOS/2 Year Warranty/Arctic Grey/1.65Kg), 82H801DHIN  ",3.8 out of 5 stars,37,"₹37,990",https://m.media-amazon.com/images/I/61qiDY-HIgL._AC_UY218_.jpg,"windows,bios,screen,option,issue","10,7,6,4,4"
91,B09F3NTP1M,"Dell 15 (2021 i3-1005G1 Laptop, 8GB DDR4, 1TB HDD + 256GB SSD, Win 10 + MS Office, Integrated Graphics, 15.6"" (39.61 cms) FHD Display, Platinum Silver (Inspiron 3511, D560586WIN9SE)  ",2.6 out of 5 stars,18,"₹52,405",https://m.media-amazon.com/images/I/612whSmr1ML._AC_UY218_.jpg,"keyboard,information,service,generation,reason","7,3,2,2,2"
92,B095224LRK,"(Renewed) Life Digital Laptop 15.6-inch (39.62 cms) (Intel Core i7, 8GB RAM, 512GB SSD, Windows 10), ZED AIR CX7  ",2.0 out of 5 stars,2,"₹34,990",https://m.media-amazon.com/images/I/51hpnVfeyaS._AC_UY218_.jpg,https://www.amazon.in/Renewed-Digital-15-6-inch-Windows-CX7/dp/B095224LRK/ref=sr_1_159?keywords=laptop&qid=1636205443&sr=8-159,https://www.amazon.in/Renewed-Digital-15-6-inch-Windows-CX7/product-reviews/B095224LRK/ref=cm_cr_dp_d_show_all_btm?ie=UTF8&reviewerType=all_reviews
93,B09HXK4BPB,(Renewed) Lenovo ThinkPad 14 inch (35.56 cm) HD Laptop (i3 2nd Gen/4 GB RAM/500 GB HDD/Wifi/Bluetooth/Windows 10 Pro/MS Office/Webcam/Integrated Graphics)  ,2.0 out of 5 stars,1,"₹22,999",https://m.media-amazon.com/images/I/71KyidXwPkL._AC_UY218_.jpg,https://www.amazon.in/Lenovo-ThinkPad-Bluetooth-Integrated-Graphics/dp/B09HXK4BPB/ref=sr_1_161?keywords=laptop&qid=1636205443&sr=8-161,https://www.amazon.in/Lenovo-ThinkPad-Bluetooth-Integrated-Graphics/product-reviews/B09HXK4BPB/ref=cm_cr_dp_d_show_all_btm?ie=UTF8&reviewerType=all_reviews
94,B099WQP6ZX,"ASUS M509DA-BR301T 15 AMD Ryzen 3-3250U 15.6 inches 4GB RAM, Bluetooth 4.2 , 1 TB HDD, Radeon Graphics, Windows 10, Integrated FP Reader Vivo Book (Slate Grey, 1366 X 768 LED HD Display, 1.9 kg)  ",3.7 out of 5 stars,9,"₹22,999",https://m.media-amazon.com/images/I/71NSlf4DcVL._AC_UY218_.jpg,https://www.amazon.in/ASUS-M509DA-BR301T-Bluetooth-Graphics-Integrated/dp/B099WQP6ZX/ref=sr_1_162?keywords=laptop&qid=1636205443&sr=8-162,https://www.amazon.in/ASUS-M509DA-BR301T-Bluetooth-Graphics-Integrated/product-reviews/B099WQP6ZX/ref=cm_cr_dp_d_show_all_btm?ie=UTF8&reviewerType=all_reviews
95,B09BVX13XW,"Lenovo V15 Intel Core i5 11th Gen 15.6"" (39.62 cm) FHD Thin and Light Laptop (8GB RAM/512GB SSD/Windows 10/MS Office/Black/1.7 kg), 82KB00F0IN  ",4.2 out of 5 stars,87,"₹52,990",https://m.media-amazon.com/images/I/51yIwxwLC3L._AC_UY218_.jpg,"battery,quality,display,money,office","11,5,5,5,5"
96,B098393BRS,"HP 14(2021) 10th Gen Intel Core i5 Laptop, 8GB RAM, 512GB SSD, 14-inch(35.6 cm) FHD Screen, 4G LTE, Win 10, MS Office, Natural Silver, 1.49 Kg (14s-er0503TU)  ",5.0 out of 5 stars,1,"₹62,900",https://m.media-amazon.com/images/I/61HIqJZKPkS._AC_UY218_.jpg,https://www.amazon.in/HP-Laptop-14-inch-Natural-14s-er0503TU/dp/B098393BRS/ref=sr_1_163?keywords=laptop&qid=1636205446&sr=8-163,
97,B097TYRFJJ,"Lenovo Legion 5 10th Gen Intel Core i5-10300H 15.6"" (39.63cm) FHD IPS Gaming Laptop (8GB/512GB SSD/Windows 10/NVIDIA GTX 1650 4GB/120Hz Refresh Display/Phantom Black/2.3Kg), 82AU00PMIN  ",4.2 out of 5 stars,150,"₹59,990",https://m.media-amazon.com/images/I/61p3lA4N3uL._AC_UY218_.jpg,"battery,gaming,quality,performance,life","27,24,13,12,12"
98,B09BRCHW4B,"MSI Bravo 15, Ryzen 7 5800H, 15.6"" FHD IPS-Level 144Hz Panel Laptop (16GB/512GB NVMe SSD/Windows 10 Home/RX5500M, GDDR6 4GB/Black/2.35Kg), B5DD-077IN (Bravo 15 B5DD-077IN)  ",4.8 out of 5 stars,6,"₹80,990",https://m.media-amazon.com/images/I/61T337xQtsS._AC_UY218_.jpg,https://www.amazon.in/MSI-IPS-Level-Windows-RX5500M-B5DD-077IN/dp/B09BRCHW4B/ref=sr_1_166?keywords=laptop&qid=1636205446&sr=8-166,https://www.amazon.in/MSI-IPS-Level-Windows-RX5500M-B5DD-077IN/product-reviews/B09BRCHW4B/ref=cm_cr_dp_d_show_all_btm?ie=UTF8&reviewerType=all_reviews
99,B09HYYCV94,"(Renewed) HP Pavilion Gaming 10th Gen Intel Core i5 15.6-inch (39.6 cms) FHD Gaming Laptop (8GB/256GB SSD + 1TB HDD/144Hz/GTX 1650Ti 4GB Graphics/Windows 10/MS Office/2.28 kg), 15-dk1514TX, Black  ",4.0 out of 5 stars,1,"₹56,690",https://m.media-amazon.com/images/I/61PEEpuk-bS._AC_UY218_.jpg,https://www.amazon.in/HP-Pavilion-15-6-inch-Graphics-15-dk1514TX/dp/B09HYYCV94/ref=sr_1_167?keywords=laptop&qid=1636205446&sr=8-167,
100,B09GVZKD46,"Lenovo ThinkBook 15 Intel 11th Gen Core i5 15.6"" (39.62 cm) FHD IPS 300 nits Antiglare 100% sRGB Thin and Light Laptop (16GB/1TB HDD+128GB SSD/Windows 10/MS Office/Mineral Grey/1.7 Kg), 20VEA0HKIH  ",4.6 out of 5 stars,3,"₹72,990",https://m.media-amazon.com/images/I/41pjO7J9dTL._AC_UY218_.jpg,https://www.amazon.in/Lenovo-ThinkBook-Antiglare-Windows-20VEA0HKIH/dp/B09GVZKD46/ref=sr_1_168?keywords=laptop&qid=1636205446&sr=8-168,https://www.amazon.in/Lenovo-ThinkBook-Antiglare-Windows-20VEA0HKIH/product-reviews/B09GVZKD46/ref=cm_cr_dp_d_show_all_btm?ie=UTF8&reviewerType=all_reviews
101,B097C2BRKJ,"Dell 15 (2021) i5-10200H Gaming Laptop, 8Gb RAM, 512Gb SSD, 15.6” (39.62 cms) FHD 120Hz 250 nits Display, NVIDIA GTX 1650 4GB Graphics, Win 10, Ascent Solid Color (G15 5510, D560452WIN9A)  ",3.9 out of 5 stars,68,"₹60,990",https://m.media-amazon.com/images/I/61LVwo050hS._AC_UY218_.jpg,https://www.amazon.in/Dell-i5-10200H-G15-5510-D560452WIN9A/dp/B097C2BRKJ/ref=sr_1_170?keywords=laptop&qid=1636205446&sr=8-170,https://www.amazon.in/Dell-i5-10200H-G15-5510-D560452WIN9A/product-reviews/B097C2BRKJ/ref=cm_cr_dp_d_show_all_btm?ie=UTF8&reviewerType=all_reviews
102,B087D2TWRD,"Lenovo Ideapad Slim 3i 10th Gen Intel Core i3 14"" (35.56cms) FHD Thin and Light Laptop (8GB/256GB/Windows 10/MS Office/Grey/1.6Kg), 81WD0045IN  ",4.1 out of 5 stars,453,"₹45,499",https://m.media-amazon.com/images/I/61s7sJEpsVL._AC_UY218_.jpg,"camera,quality,battery,price,time","49,47,30,25,20"
103,B09GB9Q79B,"(Renewed) HP Chromebook x360 14-inch (35.56 cms) Thin & Light Touchscreen Laptop (AMD 3015CE/4GB/64GB eMMC Storage/Chrome OS/Mineral Silver/1.49 kg), 14a-cb0007AU  ",5.0 out of 5 stars,1,"₹26,342",https://m.media-amazon.com/images/I/81c8tO4ibAL._AC_UY218_.jpg,https://www.amazon.in/Renewed-HP-Chromebook-Touchscreen-14a-cb0007AU/dp/B09GB9Q79B/ref=sr_1_175?keywords=laptop&qid=1636205446&sr=8-175,
104,B09F3QDFQQ,"Dell 15 (2021) i5-10500H Gaming Laptop, 16GB, 512GB SSD, Win 10 + MS Office, NVIDIA GTX 1650 4GB Graphics, 15.6"" (39.61 cms) FHD Display, Backlit KB Orange, Dark Shadow Grey (G15 5510, D560606WIN9B)  ",4.3 out of 5 stars,8,"₹33,142",https://m.media-amazon.com/images/I/61LVwo050hS._AC_UY218_.jpg,https://www.amazon.in/Dell-i5-10500H-G15-5510-D560606WIN9B/dp/B09F3QDFQQ/ref=sr_1_178?keywords=laptop&qid=1636205446&sr=8-178,https://www.amazon.in/Dell-i5-10500H-G15-5510-D560606WIN9B/product-reviews/B09F3QDFQQ/ref=cm_cr_dp_d_show_all_btm?ie=UTF8&reviewerType=all_reviews
105,B097SZMNQH,"Dell Inspiron 3501 39.62 cm (15.6"") FHD Display Laptop (i3-1115G4 / 4GB / 256GB SSD / Integrated Graphics / Win10 + MSO / Accent Black) D560492WIN9BE  ",3.8 out of 5 stars,63,"₹41,990",https://m.media-amazon.com/images/I/51jPUwqQTFL._AC_UY218_.jpg,"service,battery,return,students,problem","5,5,4,4,3"
106,B07N95H32F,"(Renewed) Dell Latitude Intel 4th Gen Core i5 14-Inch (35.56 cms) 1366x768 Laptop (4 GB/240 GB/Windows 10/Integrated Graphics/Gray/2 kg), E5440-i5-4 GB-240 GB  ",5.0 out of 5 stars,2,"₹29,689",https://m.media-amazon.com/images/I/51NW0q-szmL._AC_UY218_.jpg,https://www.amazon.in/Latitude-E5440-i5-4-GB-240-GB-Integrated/dp/B07N95H32F/ref=sr_1_180?keywords=laptop&qid=1636205446&sr=8-180,https://www.amazon.in/Latitude-E5440-i5-4-GB-240-GB-Integrated/product-reviews/B07N95H32F/ref=cm_cr_dp_d_show_all_btm?ie=UTF8&reviewerType=all_reviews
107,B09HXL97FM,(Renewed) Lenovo ThinkPad 14 inch (35.56 cm) HD Laptop (i3 2nd Gen/4 GB RAM/320 GB HDD/Wifi/Bluetooth/Windows 10 Pro/MS Office/Webcam/Integrated Graphics)  ,4.0 out of 5 stars,1,"₹22,999",https://m.media-amazon.com/images/I/71KyidXwPkL._AC_UY218_.jpg,https://www.amazon.in/Lenovo-ThinkPad-Bluetooth-Integrated-Graphics/dp/B09HXL97FM/ref=sr_1_179?keywords=laptop&qid=1636205449&sr=8-179,
108,B097SYQL3M,"Dell 14 (2021) i3-1125G4 2in1 Touch Screen Laptop, 8Gb RAM, 256Gb SSD, 14” (35.56 cms) FHD Display, Win 10 + MSO, Backlit KB + FPR, Silver Color (Inspiron 5410, D560563WIN9S)  ",3.7 out of 5 stars,159,"₹56,000",https://m.media-amazon.com/images/I/71hFNVZKcoS._AC_UY218_.jpg,"pen,touch,battery,quality,backup","32,8,6,6,6"
109,B09CCQ453Z,"ASUS TUF Gaming F17 (2021) 17.3-inch (43.94 cms) FHD 144Hz, Intel Core i5-11400H 11th Gen, RTX 3050 Ti 4GB Graphics, Gaming Laptop (16GB/512GB SSD/Windows 10/Gray/2.6 Kg), FX766HE-HX054T  ",3.0 out of 5 stars,2,"₹95,990",https://m.media-amazon.com/images/I/81URizOYflL._AC_UY218_.jpg,https://www.amazon.in/ASUS-17-3-inch-i5-11400H-RTX-3050-Ti-FX766HE-HX054T/dp/B09CCQ453Z/ref=sr_1_181?keywords=laptop&qid=1636205449&sr=8-181,https://www.amazon.in/ASUS-17-3-inch-i5-11400H-RTX-3050-Ti-FX766HE-HX054T/product-reviews/B09CCQ453Z/ref=cm_cr_dp_d_show_all_btm?ie=UTF8&reviewerType=all_reviews
110,B09F3Q53LZ,"Dell 14 (2021) i3-1125G4 2in1 Touch Screen Laptop, 8GB, 256GB SSD, Win 10 + MS Office, 14.0"" (35.56 cms) FHD Display, Dell Active Pen, Backlit KB + FPR, Platinum Silver (Inspiron 5410, D560471WIN9S)  ",2.9 out of 5 stars,4,"₹52,620",https://m.media-amazon.com/images/I/618nCW+Qk+S._AC_UY218_.jpg,https://www.amazon.in/Dell-i3-1125G4-Platinum-5410-D560471WIN9S/dp/B09F3Q53LZ/ref=sr_1_182?keywords=laptop&qid=1636205449&sr=8-182,https://www.amazon.in/Dell-i3-1125G4-Platinum-5410-D560471WIN9S/product-reviews/B09F3Q53LZ/ref=cm_cr_dp_d_show_all_btm?ie=UTF8&reviewerType=all_reviews
111,B09GW2F4XV,"Lenovo ThinkBook 15 Intel 11th Gen Core i7 15.6"" (39.62 cm) FHD IPS 300 nits Antiglare 100% sRGB Thin and Light Laptop (16GB/512GB SSD/Windows 10/MS Office/3 Yr Onsite Warranty/1.7 Kg), 20VEA0HHIH  ",3.8 out of 5 stars,14,"₹88,990",https://m.media-amazon.com/images/I/613KupQMpLL._AC_UY218_.jpg,https://www.amazon.in/Lenovo-ThinkBook-Antiglare-Warranty-20VEA0HHIH/dp/B09GW2F4XV/ref=sr_1_184?keywords=laptop&qid=1636205449&sr=8-184,https://www.amazon.in/Lenovo-ThinkBook-Antiglare-Warranty-20VEA0HHIH/product-reviews/B09GW2F4XV/ref=cm_cr_dp_d_show_all_btm?ie=UTF8&reviewerType=all_reviews
112,B09JC1M1KY,"Lenovo IdeaPad Slim 3 2021 11th Gen Intel Core i3 15.6"" (39.62cm) FHD IPS Thin & Light Laptop (8GB/512GB SSD/Windows 11/MS Office 2021/2 Year Warranty/Arctic Grey/1.65Kg), 82H80238IN  ",5.0 out of 5 stars,1,"₹43,490",https://m.media-amazon.com/images/I/61q6x-ll5FL._AC_UY218_.jpg,https://www.amazon.in/Lenovo-IdeaPad-39-62cm-Warranty-82H80238IN/dp/B09JC1M1KY/ref=sr_1_186?keywords=laptop&qid=1636205449&sr=8-186,
113,B09FHSQTK4,"Lenovo IdeaPad Slim 3 10th Gen Intel Core i5 15.6""(39.62cm) FHD IPS Thin & Light Laptop (8GB/512GB SSD/2GB Nvidia MX330 Graphics/2Yr Warranty/Windows 10/Office/300Nits/Platinum Grey/1.7Kg), 81WB013BIN  ",4.0 out of 5 stars,1,"₹53,990",https://m.media-amazon.com/images/I/61Dw5Z8LzJL._AC_UY218_.jpg,https://www.amazon.in/Lenovo-Graphics-Warranty-Platinum-81WB013BIN/dp/B09FHSQTK4/ref=sr_1_190?keywords=laptop&qid=1636205449&sr=8-190,
114,B09CCXCF7S,"ASUS TUF Dash F15 (2021) 15.6-inch (39.62 cms) FHD 144Hz, Intel Core i7-11370H 11th Gen, RTX 3060 6GB Graphics, Gaming Laptop (16GB/512GB SSD/Office 2019/Windows 10/Gray/2 Kg), FX516PM-HN175TS  ",4.2 out of 5 stars,7,"₹1,09,990",https://m.media-amazon.com/images/I/81stVUZ+WuL._AC_UY218_.jpg,https://www.amazon.in/ASUS-Dash-F15-15-6-inch-i7-11370H-FX516PM-HN175TS/dp/B09CCXCF7S/ref=sr_1_191?keywords=laptop&qid=1636205449&sr=8-191,https://www.amazon.in/ASUS-Dash-F15-15-6-inch-i7-11370H-FX516PM-HN175TS/product-reviews/B09CCXCF7S/ref=cm_cr_dp_d_show_all_btm?ie=UTF8&reviewerType=all_reviews
115,B099X7YBDL,"Dell Inspiron 3501 5.6"" FHD AG Display Laptop (i5-1135G7/ 4GB/ 1TB HDD + 256GB SSD/ Integrated Graphics/ Win 10 + MS Office/ Black) D560488WIN9B  ",5.0 out of 5 stars,2,"₹55,490",https://m.media-amazon.com/images/I/51jPUwqQTFL._AC_UY218_.jpg,https://www.amazon.in/Dell-Inspiron-3501-Integrated-D560488WIN9B/dp/B099X7YBDL/ref=sr_1_193?keywords=laptop&qid=1636205449&sr=8-193,https://www.amazon.in/Dell-Inspiron-3501-Integrated-D560488WIN9B/product-reviews/B099X7YBDL/ref=cm_cr_dp_d_show_all_btm?ie=UTF8&reviewerType=all_reviews
116,B095KPHGYQ,"Lenovo IdeaPad Slim 3 (2021)| 11th Gen Intel Core i3 |14""FHD IPS Thin and Light Laptop|4side narrow bezel (8GB/512GB SSD/Win10/Office 2019/Backlit KB/Fingerprint Reader/Arctic Grey/1.41Kg), 82H700K7IN  ",4.2 out of 5 stars,273,"₹49,800",https://m.media-amazon.com/images/I/61XJ6xrICAL._AC_UY218_.jpg,"battery,price,quality,money,life","26,18,18,15,15"
117,B099ZZDCFL,"Acer Swift 3 AMD Ryzen 5 5500U 14-inch (35.56 cms) Full HD IPS Thin and Light Laptop (8 GB RAM/512GB SSD/Windows 10/AMD Radeon Graphics /MS Office/Alexa Built-in/1.2Kg/Silver), SF314-43, Large  ",4.6 out of 5 stars,3,"₹59,999",https://m.media-amazon.com/images/I/81dh5YAU-oL._AC_UY218_.jpg,https://www.amazon.in/Acer-14-inch-Windows-Graphics-SF314-43/dp/B099ZZDCFL/ref=sr_1_195?keywords=laptop&qid=1636205452&sr=8-195,https://www.amazon.in/Acer-14-inch-Windows-Graphics-SF314-43/product-reviews/B099ZZDCFL/ref=cm_cr_dp_d_show_all_btm?ie=UTF8&reviewerType=all_reviews
118,B09F3NGT33,"Dell 14 (2021) i5-1155G7 2in1 Touch Screen Laptop, 16GB, 512GB SSD, Win 10 + MS Office, 14.0"" (35.56 cms) FHD Display, Backlit KB + FPR + Pen, Platinum Silver (Inspiron 5410, D560619WIN9S)  ",1.0 out of 5 stars,1,"₹74,190",https://m.media-amazon.com/images/I/618nCW+Qk+S._AC_UY218_.jpg,https://www.amazon.in/Dell-i5-1155G7-Platinum-5410-D560619WIN9S/dp/B09F3NGT33/ref=sr_1_197?keywords=laptop&qid=1636205452&sr=8-197,
119,B08P3M22QQ,"Lenovo Yoga 7i 11th Gen Intel Core i7-1165G7 14 inches FHD IPS 2-in-1 Touchscreen Business Laptop (16GB/512GB SSD/Windows 10/MS Office/Digital Pen/Fingerprint Reader/Slate Grey/1.43Kg), 82BH004HIN  ",4.4 out of 5 stars,56,"₹1,04,890",https://m.media-amazon.com/images/I/719CfPeuu5L._AC_UY218_.jpg,"battery,screen,display,yoga,price","12,10,7,6,6"
120,B08YRNVXN1,"AVITA Essential Refresh NE14A2INC44A-CR Intel Celeron-N4020 14 inches Laptop, 4GB/256GB SSD/Windows 10 Home/FHD/Integrated Graphics, Concrete Grey, 1.37kg  ",3.8 out of 5 stars,98,"₹25,999",https://m.media-amazon.com/images/I/61NsZ6UrfPL._AC_UY218_.jpg,"work,camera,gaming,battery,performance","7,6,6,6,5"
121,B09G3CQXSD,"Lenovo ThinkBook 15 Intel 11th Gen Core i7 15.6""(39.62 cm)FHD IPS 300 nits Antiglare 100% sRGB Thin & Light Laptop(16GB/1TB HDD+128GB SSD/Windows 10/MS Office/3 Yr Onsite Warranty/1.7 Kg) 20VEA0HBIH  ",3.8 out of 5 stars,14,"₹85,990",https://m.media-amazon.com/images/I/613KupQMpLL._AC_UY218_.jpg,https://www.amazon.in/Lenovo-ThinkBook-Antiglare-Warranty-20VEA0HBIH/dp/B09G3CQXSD/ref=sr_1_200?keywords=laptop&qid=1636205452&sr=8-200,https://www.amazon.in/Lenovo-ThinkBook-Antiglare-Warranty-20VEA0HBIH/product-reviews/B09G3CQXSD/ref=cm_cr_dp_d_show_all_btm?ie=UTF8&reviewerType=all_reviews
122,B09C5WY7BM,"Lenovo IdeaPad Slim 5 11th Gen Intel Core i5 14"" (35.56cm) FHD IPS Thin & Light Laptop (8GB/512GB SSD/Windows 10/MS Office/Backlit Keyboard/Fingerprint Reader/Graphite Grey/1.39Kg), 82FE00T9IN  ",3.4 out of 5 stars,6,"₹59,700",https://m.media-amazon.com/images/I/6177wJ0CIrL._AC_UY218_.jpg,https://www.amazon.in/Lenovo-Keyboard-Fingerprint-Graphite-82FE00T9IN/dp/B09C5WY7BM/ref=sr_1_201?keywords=laptop&qid=1636205452&sr=8-201,https://www.amazon.in/Lenovo-Keyboard-Fingerprint-Graphite-82FE00T9IN/product-reviews/B09C5WY7BM/ref=cm_cr_dp_d_show_all_btm?ie=UTF8&reviewerType=all_reviews
123,B09C2G5Z6D,(Renewed) Acer Aspire 5 Thin & Light 11th Gen Core i5 Laptop (8 GB RAM/1 TB HDD/Windows 10/Intel Iris Xe Graphics/Backlit Keyboard/1.65Kg/Silver)- 15.6-inch(35.56 cms) FHD Screen A515-56  ,3.0 out of 5 stars,2,"₹39,192",https://m.media-amazon.com/images/I/41OUKLuYDBL._AC_UY218_.jpg,https://www.amazon.in/Renewed-Acer-Graphics-Keyboard-15-6-inch/dp/B09C2G5Z6D/ref=sr_1_202?keywords=laptop&qid=1636205452&sr=8-202,https://www.amazon.in/Renewed-Acer-Graphics-Keyboard-15-6-inch/product-reviews/B09C2G5Z6D/ref=cm_cr_dp_d_show_all_btm?ie=UTF8&reviewerType=all_reviews
124,B08G24RGKS,"HP 14 Ultra Thin & Light 14"" (35.56cms) Laptop (10th Gen i3-1005G1/8GB/256GB SSD/Win 10 Home/MS Office/1.47 Kg/Jet Black), 14s-cf3074TU  ",4.2 out of 5 stars,1518,"₹39,192",https://m.media-amazon.com/images/I/81MEmcBaxVL._AC_UY218_.jpg,"quality,screen,price,office,battery","61,50,40,38,32"
125,B09F3R7ZJ6,"Dell 15 (2021) i5-1135G7 Laptop, 8GB, 1TB HDD + 256GB SSD, Win 10 + MS Office, NVIDIA MX350 2GB Graphics, 15.6"" (39.61 cms) FHD Display, Carbon Color (Inspiron 3511, D560585WIN9BE)  ",3.6 out of 5 stars,44,"₹67,093",https://m.media-amazon.com/images/I/61XR0oGhF6L._AC_UY218_.jpg,"battery,heating,time,wifi,issue","8,7,7,6,5"
126,B08HJZHTM1,"HP 15 Intel Pentium Gold 6405U Processor Entry Level 39.62 cms(15.6-inch) FHD Laptop (4GB/1TB/Win 10/Jet Black/1.74kg), 15s-du1052tu  ",3.4 out of 5 stars,883,"₹24,999",https://m.media-amazon.com/images/I/71FB8qoB78L._AC_UY218_.jpg,"time,money,battery,screen,performance","23,21,19,17,15"
127,B0999C3WM9,"Lenovo IdeaPad Slim 3 10th Gen Intel Core i3 14"" (35.56cm) FHD Thin & Light Laptop (8GB/256GB SSD/Windows 10/MS Office/Intel UHD Graphics/2 Year Warranty/Platinum Grey/1.5Kg), 81WA00K4IN  ",4.2 out of 5 stars,55,"₹40,949",https://m.media-amazon.com/images/I/61Dw5Z8LzJL._AC_UY218_.jpg,"office,quality,camera,price,review","6,6,3,2,2"
128,B08DDZLCQF,"AVITA Essential NE14A2INC433-MB 14"" (35.56cms) Laptop (Celeron N4000/4GB/128GB SSD/Window 10 Home in S Mode/Integrated Graphics), Matt Black  ",3.9 out of 5 stars,1172,"₹40,949",https://m.media-amazon.com/images/I/61YdFkoR9dL._AC_UY218_.jpg,"quality,battery,price,money,screen","74,73,65,45,45"
129,B096SHMYJJ,"Lenovo IdeaPad Slim 5 11th Gen Intel Core i5 15.6 inches FHD, LED IPS Thin and Light Business Laptop (8GB/1TB+256GB SSD/Windows 10/Fingerprint Reader/Graphite Grey/1.66Kg) 82FG010BIN  ",4.1 out of 5 stars,243,"₹66,990",https://m.media-amazon.com/images/I/61WNxdAeAoL._AC_UY218_.jpg,"battery,display,hours,quality,screen","25,18,14,14,13"
130,B09GPB1ZS8,"ASUS VivoBook 14 Intel Core i3-10110U 10th Gen 14-inch FHD IPS Compact and Light Laptop (8GB RAM/1TB HDD/Windows 10/1 Yr. McAfee/Integrated UHD Graphics/Slate Grey/1.60 kg), X409FA-EB616T  ",5.0 out of 5 stars,1,"₹37,200",https://m.media-amazon.com/images/I/71+cBm-j0TL._AC_UY218_.jpg,https://www.amazon.in/ASUS-VivoBook-i3-10110U-Integrated-X409FA-EB616T/dp/B09GPB1ZS8/ref=sr_1_212?keywords=laptop&qid=1636205456&sr=8-212,
131,B098FK9KQ2,Lenovo IdeaPad Slim 5 AMD Ryzen 5 5500U 15.6 inches FHD IPS Thin & Light Business Laptop (8GB/512GB SSD/Windows 10/MS Office/Backlit Keyboard/Fingerprint Reader/Graphite Grey/1.66Kg)  ,4.3 out of 5 stars,91,"₹56,800",https://m.media-amazon.com/images/I/71jP9Frsr6L._AC_UY218_.jpg,"quality,battery,screen,performance,display","15,14,7,7,6"
132,B0916C2XM3,ASUS VivoBook15 Intel Core i3-1115G4 15.6 inches Laptop (8GB RAM/256 GB NVMe SSD/Windows 10 Home+McAfee/Ms Office H&S 2019/FHD IPS/FP Reader/1.75 kg/Silver) X515EA-EJ312TS  ,4.2 out of 5 stars,45,"₹39,990",https://m.media-amazon.com/images/I/71hgzeX--TL._AC_UY218_.jpg,"battery,quality,camera,gaming,hdd","8,7,7,5,5"
133,B099ZZX3QW,"Acer Aspire 5 11th Gen Core i5 15.6-inch (39.6 cms) Full HD Thin & Light Laptop- (8 GB/1TB HDD/Windows 10 Home/Intel Iris Xe Graphics/Pure Silver/1.65 KG), A515-56, Large  ",5.0 out of 5 stars,1,"₹50,949",https://m.media-amazon.com/images/I/71WbatK7HVL._AC_UY218_.jpg,https://www.amazon.in/Acer-15-6-inch-Laptop-Graphics-A515-56/dp/B099ZZX3QW/ref=sr_1_217?keywords=laptop&qid=1636205456&sr=8-217,
134,B091N715Q8,"Dell Inspiron 3501 Intel 11th Gen Core i5-1135G7 15.6 inches FHD Laptop 8GB/256GB SSD + 1TB HDD/Windows 10 + MS Office 2019 (Soft Mint, 1.83 kg)  ",4.6 out of 5 stars,7,"₹61,390",https://m.media-amazon.com/images/I/51x4N8lvoVL._AC_UY218_.jpg,https://www.amazon.in/Dell-Inspiron-3501-i5-1135G7-Windows/dp/B091N715Q8/ref=sr_1_221?keywords=laptop&qid=1636205456&sr=8-221,https://www.amazon.in/Dell-Inspiron-3501-i5-1135G7-Windows/product-reviews/B091N715Q8/ref=cm_cr_dp_d_show_all_btm?ie=UTF8&reviewerType=all_reviews
135,B09GVRXZVP,"(Renewed) HP ProBook 640 G1 14-inch Laptop (Core i5 4th Gen/4GB Ram (Upgradable to 16Gb )/500gb Hdd /Windows 10 Pro/ 4 GB Intel HD Graphics,Wifi, Webcam) ( 6 Months Onsite Warranty )  ",3.0 out of 5 stars,1,"₹26,999",https://m.media-amazon.com/images/I/61Oa2SVfjWL._AC_UY218_.jpg,https://www.amazon.in/HP-640-Upgradable-Graphics-Warranty/dp/B09GVRXZVP/ref=sr_1_222?keywords=laptop&qid=1636205456&sr=8-222,https://www.amazon.in/HP-640-Upgradable-Graphics-Warranty/product-reviews/B09GVRXZVP/ref=cm_cr_dp_d_show_all_btm?ie=UTF8&reviewerType=all_reviews
136,B09BYZ5H4G,"Lenovo V14 Intel Core i5 11th Gen 14"" (35.56cm) FHD IPS 300 nits Thin and Light Laptop (8GB RAM/256GB SSD/Windows 10/MS Office/Iris® Xe Graphics/1 Year Onsite Warranty/1.60 kg), 82KA00LKIH  ",4.0 out of 5 stars,2,"₹48,990",https://m.media-amazon.com/images/I/41wak-a8wLL._AC_UY218_.jpg,https://www.amazon.in/Lenovo-35-56cm-Graphics-Warranty-82KA00LKIH/dp/B09BYZ5H4G/ref=sr_1_223?keywords=laptop&qid=1636205456&sr=8-223,
137,B092QWM5ZJ,"HP 250 G8 Core i5 11th Gen - (8 GB/1 TB HDD/Windows 10) 250 G8 Intel Core i5 Business Laptop 39.62 cm (15.6 inch, Black Grey, 1.78 kg)  ",3.3 out of 5 stars,10,"₹54,237",https://m.media-amazon.com/images/I/31tn0g4C1SS._AC_UY218_.jpg,https://www.amazon.in/HP-250-G8-Core-i5/dp/B092QWM5ZJ/ref=sr_1_224?keywords=laptop&qid=1636205456&sr=8-224,https://www.amazon.in/HP-250-G8-Core-i5/product-reviews/B092QWM5ZJ/ref=cm_cr_dp_d_show_all_btm?ie=UTF8&reviewerType=all_reviews
138,B09GB44SLV,"Lenovo ThinkPad E15 Intel Core i3 11th Gen 15.6-inch (39.62 cm) Full HD Thin and Light Laptop (8GB RAM/256GB SSD/Windows 10 Home/MS Office/FPR/Black/1.7 kg), 20TDS0RN00  ",4.0 out of 5 stars,50,"₹48,010",https://m.media-amazon.com/images/I/61gMKYj-PVL._AC_UY218_.jpg,"ram,slot,screen,device,price","11,6,6,5,5"
139,B0919HLGYC,"Dell Inspiron 3501 39.62 cm (15.6"") FHD Display Laptop (11th Gen i3-1115G4/ 8GB / 1 TB HDD/ Integrated Graphics/ Win 10 + MSO/ Soft Mint Color) D560424WIN9S  ",3.6 out of 5 stars,97,"₹44,789",https://m.media-amazon.com/images/I/51Yre3zNXIS._AC_UY218_.jpg,"time,issues,price,operation,customer","8,6,5,3,3"
140,B09BVCQYRG,"(Renewed) ASUS VivoBook 14 (2020), Intel Core i5-1035G1 10th Gen, 14-inch (35.56 cm) FHD, Thin and Light Laptop (8GB/512GB SSD/Office 2019/Windows 10/Integrated Graphics/Silver/1.6 Kg), X415JA-EK562TS  ",2.5 out of 5 stars,2,"₹40,792",https://m.media-amazon.com/images/I/71hqHZLlmkL._AC_UY218_.jpg,https://www.amazon.in/ASUS-VivoBook-i5-1035G1-Integrated-X415JA-EK562TS/dp/B09BVCQYRG/ref=sr_1_228?keywords=laptop&qid=1636205460&sr=8-228,https://www.amazon.in/ASUS-VivoBook-i5-1035G1-Integrated-X415JA-EK562TS/product-reviews/B09BVCQYRG/ref=cm_cr_dp_d_show_all_btm?ie=UTF8&reviewerType=all_reviews
141,B09CH8MY6V,"Asus Vivobook ASUS X509FA-BR301T i3-10110U//4G/1T/TRANSPERANT SILVER/15.6"" HD/1Y International Warranty + McAfee//Finger Print/  ",5.0 out of 5 stars,1,"₹34,985",https://m.media-amazon.com/images/I/41+vkIxf6aL._AC_UY218_.jpg,https://www.amazon.in/Vivobook-ASUS-X509FA-BR301T-i3-10110U-TRANSPERANT-International/dp/B09CH8MY6V/ref=sr_1_229?keywords=laptop&qid=1636205460&sr=8-229,
142,B09H4VM8QR,(Renewed) HP EliteBook 14 inch (35.56 cm) HD Laptop (AMD A8 Pro/4 GB RAM/320 GB HDD/Wifi/Bluetooth/Windows 10 Pro/MS Office/Webcam/AMD R5 Graphics/Thin & Light)  ,5.0 out of 5 stars,1,"₹23,999",https://m.media-amazon.com/images/I/71PLjkFIEKL._AC_UY218_.jpg,https://www.amazon.in/Renewed-HP-EliteBook-Bluetooth-Graphics/dp/B09H4VM8QR/ref=sr_1_231?keywords=laptop&qid=1636205460&sr=8-231,
143,B08TQQ4ZHM,"Lenovo IdeaPad Slim 3 Intel Celeron N4020 15.6"" (39.62cms) HD Thin and Light Laptop (4GB/256GB SSD/Windows 10/Platinum Grey/1.7Kg), 81WQ003LIN  ",4.1 out of 5 stars,419,"₹23,999",https://m.media-amazon.com/images/I/61Dw5Z8LzJL._AC_UY218_.jpg,"money,value,price,classes,quality","12,10,10,9,9"
144,B09C8RD7BM,"ASUS VivoBook 14 Intel Core i3-10110U 10th Gen 14-inch FHD Compact and Light Laptop (4GB RAM/1TB HDD/Windows 10/Integrated Graphics/Slate Grey/1.60 kg), X409FA-EK617T  ",2.8 out of 5 stars,7,"₹34,490",https://m.media-amazon.com/images/I/71+cBm-j0TL._AC_UY218_.jpg,https://www.amazon.in/ASUS-VivoBook-i3-10110U-Integrated-X409FA-EK617T/dp/B09C8RD7BM/ref=sr_1_233?keywords=laptop&qid=1636205460&sr=8-233,https://www.amazon.in/ASUS-VivoBook-i3-10110U-Integrated-X409FA-EK617T/product-reviews/B09C8RD7BM/ref=cm_cr_dp_d_show_all_btm?ie=UTF8&reviewerType=all_reviews
145,B098F7RXYR,"ASUS VivoBook K15 OLED, Intel Core i5-1135G7 11th Gen, 15.6-inch (39.62 cm) FHD OLED, Thin and Light Laptop (16GB/512GB SSD/Office 2019/Windows 10/Iris Xe Graphics/Black/1.8 Kg), K513EA-L512TS  ",3.9 out of 5 stars,35,"₹67,990",https://m.media-amazon.com/images/I/81-SDed0wzL._AC_UY218_.jpg,"quality,screen,backup,battery,display","17,15,12,12,9"
146,B09F3PKJ3K,"Dell 14 (2021) i5-11300H, 16GB, 512GB SSD, Integrated Graphics, Win 10 + MS Office, 14.0"" (35.56 cms) FHD Display, Backlit KB + FPR, Silver (Inspiron 5418, D560598WIN9S)  ",4.5 out of 5 stars,8,"₹68,990",https://m.media-amazon.com/images/I/51jCX2Sy0iL._AC_UY218_.jpg,https://www.amazon.in/Dell-i5-11300H-Integrated-5418-D560598WIN9S/dp/B09F3PKJ3K/ref=sr_1_238?keywords=laptop&qid=1636205460&sr=8-238,https://www.amazon.in/Dell-i5-11300H-Integrated-5418-D560598WIN9S/product-reviews/B09F3PKJ3K/ref=cm_cr_dp_d_show_all_btm?ie=UTF8&reviewerType=all_reviews
147,B096VHX239,"ASUS TUF Gaming F15 (2021), 15.6-inch (39.62 cms) FHD 144Hz, Intel Core i5-11400H 11th Gen, GeForce RTX 3060 6GB Graphics, Gaming Laptop(16GB/512GB SSDWindows 10/Gray/2.3 Kg), FX566HM-HN104T  ",3.9 out of 5 stars,9,"₹1,04,990",https://m.media-amazon.com/images/I/91aWfctUptL._AC_UY218_.jpg,https://www.amazon.in/ASUS-15-6-inch-GeForce-RTX-3060-SSDWindows-FX566HM-HN104T/dp/B096VHX239/ref=sr_1_239?keywords=laptop&qid=1636205460&sr=8-239,https://www.amazon.in/ASUS-15-6-inch-GeForce-RTX-3060-SSDWindows-FX566HM-HN104T/product-reviews/B096VHX239/ref=cm_cr_dp_d_show_all_btm?ie=UTF8&reviewerType=all_reviews
148,B09GB5Q69L,"Lenovo ThinkBook 13s Intel 11th Gen Core i5 13.3""(33.78 cm) WQXGA IPS 300 nits 100% sRGB Dolby Vision Thin and Light Laptop (16GB/512GB SSD/Windows 10/MS Office/FPR/Mineral Grey/1.26 Kg), 20V9A05HIH  ",4.4 out of 5 stars,19,"₹70,990",https://m.media-amazon.com/images/I/61WfIWZQMWL._AC_UY218_.jpg,https://www.amazon.in/Lenovo-ThinkBook-Windows-Mineral-20V9A05HIH/dp/B09GB5Q69L/ref=sr_1_240?keywords=laptop&qid=1636205460&sr=8-240,https://www.amazon.in/Lenovo-ThinkBook-Windows-Mineral-20V9A05HIH/product-reviews/B09GB5Q69L/ref=cm_cr_dp_d_show_all_btm?ie=UTF8&reviewerType=all_reviews
149,B099ZHBLMD,"Acer Aspire 5 11th Gen 15.6"" (39.6cms) Full HD IPS Thin and Light Laptop (Intel Core i5-1135G7/8GB RAM/256GB SSD+1TB HDD/W10HS/Silver/MSO), A515-56  ",3.8 out of 5 stars,4,"₹54,990",https://m.media-amazon.com/images/I/71WbatK7HVL._AC_UY218_.jpg,https://www.amazon.in/Acer-Aspire-39-6cms-i5-1135G7-A515-56/dp/B099ZHBLMD/ref=sr_1_241?keywords=laptop&qid=1636205460&sr=8-241,https://www.amazon.in/Acer-Aspire-39-6cms-i5-1135G7-A515-56/product-reviews/B099ZHBLMD/ref=cm_cr_dp_d_show_all_btm?ie=UTF8&reviewerType=all_reviews
150,B08WHML7F1,"HP 15 11th Gen Intel Core i3 Processor 15.6 inches FHD Laptop with Alexa Built-in (8GB/512GB SSD/Windows 10/MS Office/Jet Black/1.69 Kg), 15s-fq2072TU  ",3.3 out of 5 stars,39,"₹45,999",https://m.media-amazon.com/images/I/61B9Y6Vk8OL._AC_UY218_.jpg,"screen,quality,laptops,media,features","3,3,2,2,2"
151,B093L9SYZP,"MSI GF75 Thin, Intel i5-10500H, 17.3"" (43.9 cm) FHD IPS-Level 144Hz Panel Laptop (8GB/512GB NVMe SSD/Windows 10 Home/Nvidia GTX1650 4GB GDDR6/Black/2.2Kg), 10SCXR-655IN  ",4.2 out of 5 stars,56,"₹68,990",https://m.media-amazon.com/images/I/81DR+J7JxkL._AC_UY218_.jpg,"performance,gaming,price,battery,ram","11,8,8,8,7"
152,B095S8HPMY,"Dell Inspiron 7415 35.56 cm (14"")FHD Touch Display 2in1 Laptop (R5 5500U / 8GB / 512GB SSD / Integrated Graphics / Win 10 + MSO / Backlit KB + FPR + Active Pen /Pebble Metal Color) D560470WIN9P  ",4.2 out of 5 stars,98,"₹71,749",https://m.media-amazon.com/images/I/514FlU4YKBS._AC_UY218_.jpg,"screen,quality,touch,display,battery","25,18,12,11,10"
153,B08PV3L6WR,"Lenovo IdeaPad Slim 3 10th Gen Intel Core i5 15.6"" (39.62cms) FHD IPS Thin and Light Laptop (8GB/512GB SSD/Windows 10/MS Office/Fingerprint Reader/2 Year Warranty/Platinum Grey/1.85Kg), 81WE018TIN  ",4.3 out of 5 stars,189,"₹71,749",https://m.media-amazon.com/images/I/61Dw5Z8LzJL._AC_UY218_.jpg,"battery,quality,performance,price,speed","12,7,6,6,6"
154,B0972R7ZK2,"Lenovo V15 AMD 39.62 cm (15.6-inch) FHD Thin and Light Laptop (AMD Athlon Gold 3150U/ 4GB RAM/ 1TB HDD/ Dos /Integrated AMD Radeon Graphics/ Iron Grey), 82C700JCIH  ",3.5 out of 5 stars,16,"₹29,990",https://m.media-amazon.com/images/I/411oQKL9dUS._AC_UY218_.jpg,https://www.amazon.in/Lenovo-15-6-inch-Integrated-Graphics-82C700JCIH/dp/B0972R7ZK2/ref=sr_1_254?keywords=laptop&qid=1636205465&sr=8-254,https://www.amazon.in/Lenovo-15-6-inch-Integrated-Graphics-82C700JCIH/product-reviews/B0972R7ZK2/ref=cm_cr_dp_d_show_all_btm?ie=UTF8&reviewerType=all_reviews
155,B08P7M9Y59,Lenovo IdeaPad D330 Intel Celeron N4000 10.1 inches HD IPS 2-in-1 Touchscreen Detachable Business Laptop (4GB/128GB eMMC/Windows 10/Active Pen Stylus/Front +Rear Camera/HD Audio/Mineral Grey/1.14Kg)  ,3.8 out of 5 stars,147,"₹31,400",https://m.media-amazon.com/images/I/61+ZQMKTj0L._AC_UY218_.jpg,"screen,keyboard,tablet,battery,kids","15,10,6,6,6"
156,B09CDGQ4GS,"ASUS Vivobook X509FA-BQ321T i3-10110U//8G/1T/TRANSPERANT SILVER/15.6"" FHD v_IPS/1Y International Warranty + McAfee//Finger Print/  ",5.0 out of 5 stars,1,"₹38,690",https://m.media-amazon.com/images/I/41+vkIxf6aL._AC_UY218_.jpg,https://www.amazon.in/ASUS-X509FA-BQ321T-i3-10110U-TRANSPERANT-International/dp/B09CDGQ4GS/ref=sr_1_256?keywords=laptop&qid=1636205465&sr=8-256,
157,B09GT8LPPH,"Lenovo Yoga 6 AMD Ryzen 7 5700U 13.3"" (33.782cm) FHD IPS 2-in-1 Convertible Touchscreen Laptop (16GB/1TB SSD/Windows 10/MS Office/Backlit Keyboard/Fingerprint Reader/Abyss Blue/1.31Kg), 82ND004GIN  ",5.0 out of 5 stars,1,"₹93,900",https://m.media-amazon.com/images/I/61pgueNh74L._AC_UY218_.jpg,https://www.amazon.in/Lenovo-Convertible-Touchscreen-Fingerprint-82ND004GIN/dp/B09GT8LPPH/ref=sr_1_257?keywords=laptop&qid=1636205465&sr=8-257,https://www.amazon.in/Lenovo-Convertible-Touchscreen-Fingerprint-82ND004GIN/product-reviews/B09GT8LPPH/ref=cm_cr_dp_d_show_all_btm?ie=UTF8&reviewerType=all_reviews
158,B098F4MWDG,"ASUS VivoBook Ultra 15 (2020), AMD Ryzen 7 4700U, 15.6-inch (39.62 cm) FHD, Thin and Light Laptop (8GB/1TB HDD + 256GB SSD/Office 2019/Windows 10/Integrated Graphics/Black/1.8 Kg), M513IA-BQ712TS  ",4.0 out of 5 stars,17,"₹62,990",https://m.media-amazon.com/images/I/612rSZsXxyL._AC_UY218_.jpg,https://www.amazon.in/ASUS-VivoBook-15-6-inch-Integrated-M513IA-BQ712TS/dp/B098F4MWDG/ref=sr_1_259?keywords=laptop&qid=1636205465&sr=8-259,https://www.amazon.in/ASUS-VivoBook-15-6-inch-Integrated-M513IA-BQ712TS/product-reviews/B098F4MWDG/ref=cm_cr_dp_d_show_all_btm?ie=UTF8&reviewerType=all_reviews
159,B08RXZCXH6,"Dell Vostro 3400 14"" (35.56 cms) FHD Anti Glare Display Laptop (11th Gen i5-1135G7 / 8GB / 1TB / Integrated Graphics / Win 10 + MS Office / Black/ 1.58Kg) D552154WIN9BE  ",3.3 out of 5 stars,159,"₹48,990",https://m.media-amazon.com/images/I/8147cwFm2PL._AC_UY218_.jpg,"time,week,performance,system,replacement","10,7,7,6,6"
160,B09F3Q93T1,"Dell 14 (2021) i5-1155G7 2in1 Touch Screen Laptop, 8GB, 512GB SSD, NVIDIA MX 350 2GB, Win 10 + MSO, 14.0"" (35.56 cms) FHD, Backlit KB, FPR + Active Pen, Platinum Silver (Inspiron 5410, D560595WIN9S)  ",3.7 out of 5 stars,3,"₹75,990",https://m.media-amazon.com/images/I/618nCW+Qk+S._AC_UY218_.jpg,https://www.amazon.in/Dell-i5-1155G7-Platinum-5410-D560595WIN9S/dp/B09F3Q93T1/ref=sr_1_261?keywords=laptop&qid=1636205468&sr=8-261,https://www.amazon.in/Dell-i5-1155G7-Platinum-5410-D560595WIN9S/product-reviews/B09F3Q93T1/ref=cm_cr_dp_d_show_all_btm?ie=UTF8&reviewerType=all_reviews
161,B0928TPR8H,"HP 14 Ryzen 5 5500U 14-inch(35.6 cm) FHD Laptop with Alexa Built-in(8GB/512GB SSD/Windows 10/MS Office/Natural Silver/1.46Kg), 14s-fq1030AU  ",4.3 out of 5 stars,503,"₹53,500",https://m.media-amazon.com/images/I/712lajO8VaL._AC_UY218_.jpg,"battery,screen,quality,keyboard,performance","51,40,39,36,32"
162,B08CXSLPTZ,"Lenovo V14 RYZEN 3 14"" HD Laptop(4GB/1TB/DOS/1.85Kg, 82C6000KIH), Iron Grey  ",3.4 out of 5 stars,47,"₹30,990",https://m.media-amazon.com/images/I/51ZE3adhGVL._AC_UY218_.jpg,"year,quality,camera,task,system","4,3,2,2,2"
163,B091FH823X,"HP Pavilion Gaming 10th Gen Intel Core i5 Processor 15.6-inch FHD Gaming Laptop (16GB/512GB SSD + 32GB Intel Optane/144 Hz/Win10/NVIDIA GTX 1650 4GB/Shadow Black), 15-dk1146TX  ",4.0 out of 5 stars,24,"₹66,490",https://m.media-amazon.com/images/I/71X15bNTv4L._AC_UY218_.jpg,"battery,performance,quality,speed,graphics","7,5,3,3,3"
164,B08P3LX5BQ,"Lenovo IdeaPad Slim 5 11th Gen Intel Core i5 15.6""(39.62cms) FHD IPS T&L Laptop (8GB/1TB HDD+256GB SSD/Windows10/Office 2019/Fingerprint Reader/Graphite Grey/Aluminium Surface/1.66Kg)82FG00BQIN  ",4.3 out of 5 stars,320,"₹69,900",https://m.media-amazon.com/images/I/61WNxdAeAoL._AC_UY218_.jpg,"price,battery,work,quality,weight","13,11,9,9,9"
165,B079JBV68W,"Dell Latitude E7470 Ultrabook, 14inch QHD Touchscreen (Intel Core i5-6300U, 8 GB DDR4, 256 GB SSD) Windows 10 Pro (Renewed)  ",3.9 out of 5 stars,22,"₹44,500",https://m.media-amazon.com/images/I/71uDB08nJHS._AC_UY218_.jpg,https://www.amazon.in/Dell-Latitude-Ultrabook-Touchscreen-i5-6300U/dp/B079JBV68W/ref=sr_1_275?keywords=laptop&qid=1636205468&sr=8-275,
166,B08JLR7LPQ,"Lenovo Legion 5 AMD Ryzen 5 4600H 15.6 inch (39.62 cms) Full HD IPS Gaming Laptop (8GB/1TB HDD + 256GB SSD/Windows 10/120 Hz/NVIDIA GTX 1650 4GB GDDR6 Graphics/Phantom Black/2.3Kg), 82B500MMIN  ",4.5 out of 5 stars,875,"₹63,990",https://m.media-amazon.com/images/I/61ItfhQmaFL._AC_UY218_.jpg,"battery,gaming,price,quality,performance","121,94,68,63,49"
167,B096W2249V,"ASUS VivoBook Ultra K15 (2021), 15.6-inch (39.62 cms) FHD AMD Ryzen 7 5700U, Thin and Light Laptop (8GB/1TB HDD + 256GB SSD/Office 2019/Windows 10/Integrated Graphics/Silver/1.8 kg), KM513UA-BQ713TS  ",4.2 out of 5 stars,8,"₹72,990",https://m.media-amazon.com/images/I/81psDCLfwOL._AC_UY218_.jpg,https://www.amazon.in/ASUS-VivoBook-15-6-inch-Integrated-KM513UA-BQ713TS/dp/B096W2249V/ref=sr_1_278?keywords=laptop&qid=1636205473&sr=8-278,https://www.amazon.in/ASUS-VivoBook-15-6-inch-Integrated-KM513UA-BQ713TS/product-reviews/B096W2249V/ref=cm_cr_dp_d_show_all_btm?ie=UTF8&reviewerType=all_reviews
168,B088CDKJ7V,"Acer Aspire 3 A315-23 39.62 cm (15.6-inch) Laptop (AMD Ryzen 5-3500U/8GB/512GB SSD/Window 10, Home, 64Bit/AMD Radeon Vega 8 Mobile Graphics), Silver  ",4.1 out of 5 stars,287,"₹44,990",https://m.media-amazon.com/images/I/610oaBCr+XL._AC_UY218_.jpg,"quality,battery,camera,price,sound","47,43,38,28,23"
169,B09839P9XB,"HP Pavilion 13(2021) 11th Gen Intel Core i7 Laptop, 16GB RAM, 1TB SSD, 13.3-inch(33.8 cm) FHD Screen, Win 10, MS Office, Ceramic White, 1.24 Kg (13-bb0078TU)  ",4.5 out of 5 stars,12,"₹91,300",https://m.media-amazon.com/images/I/71PwU27MbUL._AC_UY218_.jpg,https://www.amazon.in/HP-Pavilion-13-3-inch-Ceramic-13-bb0078TU/dp/B09839P9XB/ref=sr_1_280?keywords=laptop&qid=1636205473&sr=8-280,https://www.amazon.in/HP-Pavilion-13-3-inch-Ceramic-13-bb0078TU/product-reviews/B09839P9XB/ref=cm_cr_dp_d_show_all_btm?ie=UTF8&reviewerType=all_reviews
170,B097TY6PTN,"Lenovo Legion 5 10th Gen Intel Core i7-10750H 15.6"" (39.63cm) FHD IPS Gaming Laptop (16GB/512GB SSD/Windows 10/NVIDIA GTX 1650 4GB/120Hz Refresh Display/Phantom Black/2.3Kg), 82AU00PNIN  ",4.0 out of 5 stars,24,"₹81,990",https://m.media-amazon.com/images/I/61p3lA4N3uL._AC_UY218_.jpg,https://www.amazon.in/Lenovo-i7-10750H-39-63cm-Windows-82AU00PNIN/dp/B097TY6PTN/ref=sr_1_281?keywords=laptop&qid=1636205473&sr=8-281,https://www.amazon.in/Lenovo-i7-10750H-39-63cm-Windows-82AU00PNIN/product-reviews/B097TY6PTN/ref=cm_cr_dp_d_show_all_btm?ie=UTF8&reviewerType=all_reviews
171,B09DMYZW5Q,"Lenovo Legion 5 11th Gen Intel Core i7 15.6""(39.62cm) FHD IPS Gaming Laptop (16GB/512GB SSD/NVIDIA RTX 3050 4GB/120Hz Refresh Rate/Windows 10/MS Office/Backlit Keyboard/Phantom Blue/2.4Kg), 82JK007WIN  ",4.4 out of 5 stars,165,"₹1,04,990",https://m.media-amazon.com/images/I/61Er61SxBhL._AC_UY218_.jpg,"battery,hours,screen,backup,gaming","28,16,13,11,11"
172,B095SBXKLW,"Dell 15 (2021) i5-10200H Gaming Laptop, 16Gb RAM, 512Gb SSD, 15.6” (39.62 cms) FHD 120Hz 250 nits Display, NVIDIA GTX 1650 4GB Graphics, Win 10 + MSO, Ascent Solid Color (G15 5510, D560473WIN9B)  ",4.5 out of 5 stars,29,"₹75,388",https://m.media-amazon.com/images/I/61BE1LBx0kS._AC_UY218_.jpg,"battery,keyboard,port,gaming,time","6,6,6,5,5"
173,B08MB4PXCW,"Dell Inspiron 3501 139.62 cm (5.6-inch) FHD Laptop (10th Gen Core i3/8GB/1TB HDD/Windows 10 + MS Office 2019/Intel HD Graphics/1.83 kg), Silver  ",3.6 out of 5 stars,114,"₹44,100",https://m.media-amazon.com/images/I/51CYuZNUcoL._AC_UY218_.jpg,"screen,month,system,life,colour","3,3,3,3,3"
174,B09GB3T73N,"Lenovo ThinkPad E15 Intel Core i3 11th Gen 15.6"" FHD Thin and Light Laptop (4GB RAM/256GB SSD/Windows 10 Home/FPR/Black/Black/1.7 kg), 20TDS0DX00  ",4.0 out of 5 stars,69,"₹43,010",https://m.media-amazon.com/images/I/61gMKYj-PVL._AC_UY218_.jpg,"warranty,price,time,keyboard,laptops","6,5,4,4,3"
175,B08HJJKDSH,"Lenovo V15 R5 15.6 inches FHD Laptop (8GB/1TB HDD/Win 10/Iron Grey/1.85Kg), 82C7003PIH  ",3.5 out of 5 stars,248,"₹44,495",https://m.media-amazon.com/images/I/61U0JQ6HnHL._AC_UY218_.jpg,"battery,life,time,performance,price","24,12,10,9,9"
176,B08G5M5WTG,"Lenovo IdeaPad Slim 3 AMD 3020e 15.6 inches HD Thin & Light Business Laptop (4GB/1TB HDD/Windows 10/Radeon Graphics/Platinum Grey/1.85Kg), 81W100HHIN  ",3.4 out of 5 stars,64,"₹44,495",https://m.media-amazon.com/images/I/61Dw5Z8LzJL._AC_UY218_.jpg,"price,month,processor,speed,worry","2,2,2,2,1"
177,B09FHRD42L,"Lenovo Legion 5 AMD Ryzen 5 5600H 15.6"" (39.62cm) FHD IPS Gaming Laptop (8GB/512GB SSD/4GB Nvidia GTX 1650 Graphics/Windows 10/120Hz Refresh Rate/Backlit Keyboard/Phantom Blue/2.4Kg), 82JW00CMIN  ",3.8 out of 5 stars,7,"₹73,490",https://m.media-amazon.com/images/I/61Er61SxBhL._AC_UY218_.jpg,https://www.amazon.in/Lenovo-39-62cm-Graphics-Keyboard-82JW00CMIN/dp/B09FHRD42L/ref=sr_1_293?keywords=laptop&qid=1636205475&sr=8-293,https://www.amazon.in/Lenovo-39-62cm-Graphics-Keyboard-82JW00CMIN/product-reviews/B09FHRD42L/ref=cm_cr_dp_d_show_all_btm?ie=UTF8&reviewerType=all_reviews
178,B09GB2N7M7,"Lenovo ThinkBook 13s Intel 11th Gen Core i5 13.3""(33.78 cm) WQXGA IPS 300 nits 100% sRGB Dolby Vision Thin and Light Laptop (8GB/512GB SSD/Windows 10/MS Office/FPR/Mineral Grey/1.26 Kg), 20V9A05EIH  ",4.3 out of 5 stars,424,"₹65,990",https://m.media-amazon.com/images/I/61WfIWZQMWL._AC_UY218_.jpg,"battery,office,display,quality,screen","45,39,34,33,33"
179,B09HMZHKQF,"( Renewed ) Dell Latitude 6520 Core i5 2nd Gen | 4Gb Ram | 320 Gb Hdd | 15.6"" True View Led Screen| Numeric Keypad | Wifi | Webcam & Mic | Windows 10 | Charger ( 6 Months Onsite Warranty )  ",2.0 out of 5 stars,1,"₹23,999",https://m.media-amazon.com/images/I/413qltn7ZUL._AC_UY218_.jpg,https://www.amazon.in/Renewed-Dell-Latitude-6520-Warranty/dp/B09HMZHKQF/ref=sr_1_295?keywords=laptop&qid=1636205475&sr=8-295,https://www.amazon.in/Renewed-Dell-Latitude-6520-Warranty/product-reviews/B09HMZHKQF/ref=cm_cr_dp_d_show_all_btm?ie=UTF8&reviewerType=all_reviews
180,B09CD4FRNX,"ASUS TUF Dash F15 (2021) 15.6-inch (39.62 cms) FHD 144Hz, Intel Core i5-11300H 11th Gen, RTX 3050 4GB Graphics, Gaming Laptop (8GB/512GB SSD/Windows 10/White/2 Kg), FX516PCZ-HN089T  ",2.9 out of 5 stars,9,"₹83,990",https://m.media-amazon.com/images/I/81mLxU0CcAL._AC_UY218_.jpg,https://www.amazon.in/ASUS-Dash-F15-15-6-inch-i5-11300H-FX516PCZ-HN089T/dp/B09CD4FRNX/ref=sr_1_296?keywords=laptop&qid=1636205475&sr=8-296,https://www.amazon.in/ASUS-Dash-F15-15-6-inch-i5-11300H-FX516PCZ-HN089T/product-reviews/B09CD4FRNX/ref=cm_cr_dp_d_show_all_btm?ie=UTF8&reviewerType=all_reviews
181,B09G39QZZW,"Lenovo ThinkBook 15 Intel 11th Gen Core i5 15.6"" (39.62 cm) FHD IPS 300 nits Antiglare 100% sRGB Thin and Light Laptop (8GB/512GB SSD/Windows 10/MS Office/Mineral Grey/1.7 Kg), 20VEA0HGIH  ",4.0 out of 5 stars,18,"₹67,990",https://m.media-amazon.com/images/I/613KupQMpLL._AC_UY218_.jpg,https://www.amazon.in/Lenovo-ThinkBook-Antiglare-Windows-20VEA0HGIH/dp/B09G39QZZW/ref=sr_1_298?keywords=laptop&qid=1636205475&sr=8-298,https://www.amazon.in/Lenovo-ThinkBook-Antiglare-Windows-20VEA0HGIH/product-reviews/B09G39QZZW/ref=cm_cr_dp_d_show_all_btm?ie=UTF8&reviewerType=all_reviews
182,B08TX1NHB8,"(Renewed) Dell Intel Core i3 4005U 13.3-Inch (33.78 cms) HD (1366 X 768) Pixels Laptop (4 GB/256 GB SSD/Windows 10 Pro/Intel/Grey/1.75 Kg), 3340-i3-4-256  ",4.0 out of 5 stars,1,"₹25,080",https://m.media-amazon.com/images/I/51v9dYlc6EL._AC_UY218_.jpg,https://www.amazon.in/Renewed-Dell-13-3-Inch-Windows-3340-i3-4-256/dp/B08TX1NHB8/ref=sr_1_302?keywords=laptop&qid=1636205475&sr=8-302,
183,B09B3Z23L8,"(Renewed) HP Elitebook 745 G2 AMD A10 Pro 14.1 inches Laptop (8GB RAM 500GB HDD LED Screen R6 Graphics Windows 10 Pro/ HD 1366 X 768, 1.9 kg)  ",1.0 out of 5 stars,3,"₹25,999",https://m.media-amazon.com/images/I/31+PLPrt6RL._AC_UY218_.jpg,https://www.amazon.in/Renewed-HP-Elitebook-745-Graphics/dp/B09B3Z23L8/ref=sr_1_303?keywords=laptop&qid=1636205475&sr=8-303,https://www.amazon.in/Renewed-HP-Elitebook-745-Graphics/product-reviews/B09B3Z23L8/ref=cm_cr_dp_d_show_all_btm?ie=UTF8&reviewerType=all_reviews
184,B09BR7574Z,"MSI GF75 Thin, Intel i7-10750H, 17.3"" FHD IPS-Level 144Hz Panel Laptop (16GB/512GB NVMe SSD/Windows 10 Home/Nvidia RTX3050 Ti 4GB GDDR6/Black/2.2Kg), 10UD-086IN  ",3.5 out of 5 stars,6,"₹93,990",https://m.media-amazon.com/images/I/71mLm1C3RkL._AC_UY218_.jpg,https://www.amazon.in/MSI-GF75-Thin-i7-10750H-10UD-086IN/dp/B09BR7574Z/ref=sr_1_304?keywords=laptop&qid=1636205475&sr=8-304,https://www.amazon.in/MSI-GF75-Thin-i7-10750H-10UD-086IN/product-reviews/B09BR7574Z/ref=cm_cr_dp_d_show_all_btm?ie=UTF8&reviewerType=all_reviews
185,B0979M4T4X,"Lenovo V15 (2021) Intel Core i3 10th Gen 15.6"" FHD Thin and Light Laptop (4GB RAM/ 256GB SSD/ Windows 10 Home/ Iron Grey/ 1.85 kg), 82C500XXIH  ",3.9 out of 5 stars,7,"₹39,819",https://m.media-amazon.com/images/I/71G2ma3U0rS._AC_UY218_.jpg,https://www.amazon.in/Lenovo-Intel-Laptop-Windows-82C500XXIH/dp/B0979M4T4X/ref=sr_1_306?keywords=laptop&qid=1636205475&sr=8-306,https://www.amazon.in/Lenovo-Intel-Laptop-Windows-82C500XXIH/product-reviews/B0979M4T4X/ref=cm_cr_dp_d_show_all_btm?ie=UTF8&reviewerType=all_reviews
186,B08XBZBFCQ,"HP Pavilion (2021) Intel 11th Gen Core i5, 16 GB RAM, 2GB NVIDIA Graphics, 512GB SSD, 15.6 inches FHD Screen, Windows 10, MS Office, Finger Print Reader, Alexa Built-in Laptop, 1.75kg (15-eg0103TX)  ",4.3 out of 5 stars,271,"₹39,819",https://m.media-amazon.com/images/I/51sbPFGXFqL._AC_UY218_.jpg,"battery,quality,performance,time,button","35,19,16,15,15"
187,B09H4V36YP,(Renewed) HP EliteBook 14 inch (35.56 cm) HD Laptop (AMD A8 Pro/8 GB RAM/500 GB HDD/Wifi/Bluetooth/Windows 10 Pro/MS Office/Webcam/AMD R5 Graphics/Thin & Light)  ,4.0 out of 5 stars,1,"₹26,999",https://m.media-amazon.com/images/I/71PLjkFIEKL._AC_UY218_.jpg,https://www.amazon.in/Renewed-HP-EliteBook-Bluetooth-Graphics/dp/B09H4V36YP/ref=sr_1_308?keywords=laptop&qid=1636205475&sr=8-308,https://www.amazon.in/Renewed-HP-EliteBook-Bluetooth-Graphics/product-reviews/B09H4V36YP/ref=cm_cr_dp_d_show_all_btm?ie=UTF8&reviewerType=all_reviews
188,B09F3S4QRZ,"Dell 14 (2021) Ryzen 5-3450U Laptop 8GB, 256GB SSD, Win 10 + MS Office, Vega Graphics, 14.0"" (35.56 cms) FHD Display/ Dune Color (Vostro 3405, D552180WIN9D)  ",3.1 out of 5 stars,2,"₹45,690",https://m.media-amazon.com/images/I/51CEknIIHcL._AC_UY218_.jpg,https://www.amazon.in/Dell-5-3450U-Graphics-3405-D552180WIN9D/dp/B09F3S4QRZ/ref=sr_1_310?keywords=laptop&qid=1636205478&sr=8-310,https://www.amazon.in/Dell-5-3450U-Graphics-3405-D552180WIN9D/product-reviews/B09F3S4QRZ/ref=cm_cr_dp_d_show_all_btm?ie=UTF8&reviewerType=all_reviews
